"DateTime","Players","Average Players"
"2017-08-14 00:00:00",3,
"2017-08-15 00:00:00",3,
"2017-08-16 00:00:00",5,
"2017-08-17 00:00:00",5,
"2017-08-18 00:00:00",4,
"2017-08-19 00:00:00",,
"2017-08-20 00:00:00",,
"2017-08-21 00:00:00",6,
"2017-08-22 00:00:00",5,
"2017-08-23 00:00:00",4,
"2017-08-24 00:00:00",4,
"2017-08-25 00:00:00",4,
"2017-08-26 00:00:00",,
"2017-08-27 00:00:00",,
"2017-08-28 00:00:00",4,
"2017-08-29 00:00:00",5,
"2017-08-30 00:00:00",4,
"2017-08-31 00:00:00",3,
"2017-09-01 00:00:00",3,
"2017-09-02 00:00:00",1,
"2017-09-03 00:00:00",,
"2017-09-04 00:00:00",6,
"2017-09-05 00:00:00",7,
"2017-09-06 00:00:00",6,
"2017-09-07 00:00:00",5,
"2017-09-08 00:00:00",6,
"2017-09-09 00:00:00",,
"2017-09-10 00:00:00",,
"2017-09-11 00:00:00",2,
"2017-09-12 00:00:00",6,
"2017-09-13 00:00:00",6,
"2017-09-14 00:00:00",5,
"2017-09-15 00:00:00",5,
"2017-09-16 00:00:00",1,
"2017-09-17 00:00:00",1,
"2017-09-18 00:00:00",1,
"2017-09-19 00:00:00",5,
"2017-09-20 00:00:00",5,
"2017-09-21 00:00:00",5,
"2017-09-22 00:00:00",5,
"2017-09-23 00:00:00",1,
"2017-09-24 00:00:00",1,
"2017-09-25 00:00:00",5,
"2017-09-26 00:00:00",9,
"2017-09-27 00:00:00",8,
"2017-09-28 00:00:00",8,
"2017-09-29 00:00:00",7,
"2017-09-30 00:00:00",,
"2017-10-01 00:00:00",,
"2017-10-02 00:00:00",9,
"2017-10-03 00:00:00",5,
"2017-10-04 00:00:00",5,
"2017-10-05 00:00:00",7,
"2017-10-06 00:00:00",5,
"2017-10-07 00:00:00",,
"2017-10-08 00:00:00",,
"2017-10-09 00:00:00",,
"2017-10-10 00:00:00",6,
"2017-10-11 00:00:00",8,
"2017-10-12 00:00:00",8,
"2017-10-13 00:00:00",9,
"2017-10-14 00:00:00",1,
"2017-10-15 00:00:00",1,
"2017-10-16 00:00:00",7,
"2017-10-17 00:00:00",7,
"2017-10-18 00:00:00",9,
"2017-10-19 00:00:00",8,
"2017-10-20 00:00:00",8,
"2017-10-21 00:00:00",,
"2017-10-22 00:00:00",1,
"2017-10-23 00:00:00",8,
"2017-10-24 00:00:00",7,
"2017-10-25 00:00:00",9,
"2017-10-26 00:00:00",7,
"2017-10-27 00:00:00",8,
"2017-10-28 00:00:00",3,
"2017-10-29 00:00:00",4,
"2017-10-30 00:00:00",8,
"2017-10-31 00:00:00",9,
"2017-11-01 00:00:00",5,
"2017-11-02 00:00:00",10,
"2017-11-03 00:00:00",1,
"2017-11-04 00:00:00",,
"2017-11-05 00:00:00",,
"2017-11-06 00:00:00",7,
"2017-11-07 00:00:00",7,
"2017-11-08 00:00:00",8,
"2017-11-09 00:00:00",9,
"2017-11-10 00:00:00",6,
"2017-11-11 00:00:00",,
"2017-11-12 00:00:00",,
"2017-11-13 00:00:00",4,
"2017-11-14 00:00:00",6,
"2017-11-15 00:00:00",5,
"2017-11-16 00:00:00",5,
"2017-11-17 00:00:00",5,
"2017-11-18 00:00:00",,
"2017-11-19 00:00:00",,
"2017-11-20 00:00:00",4,
"2017-11-21 00:00:00",4,
"2017-11-22 00:00:00",4,
"2017-11-23 00:00:00",1,
"2017-11-24 00:00:00",4,
"2017-11-25 00:00:00",,
"2017-11-26 00:00:00",,
"2017-11-27 00:00:00",5,
"2017-11-28 00:00:00",5,
"2017-11-29 00:00:00",3,
"2017-11-30 00:00:00",3,
"2017-12-01 00:00:00",5,
"2017-12-02 00:00:00",,
"2017-12-03 00:00:00",1,
"2017-12-04 00:00:00",6,
"2017-12-05 00:00:00",5,
"2017-12-06 00:00:00",5,
"2017-12-07 00:00:00",4,
"2017-12-08 00:00:00",4,
"2017-12-09 00:00:00",3,
"2017-12-10 00:00:00",3,
"2017-12-11 00:00:00",6,
"2017-12-12 00:00:00",4,
"2017-12-13 00:00:00",2,
"2017-12-14 00:00:00",4,
"2017-12-15 00:00:00",3,
"2017-12-16 00:00:00",,
"2017-12-17 00:00:00",,
"2017-12-18 00:00:00",4,
"2017-12-19 00:00:00",4,
"2017-12-20 00:00:00",3,
"2017-12-21 00:00:00",5,
"2017-12-22 00:00:00",7,
"2017-12-23 00:00:00",,
"2017-12-24 00:00:00",,
"2017-12-25 00:00:00",3,
"2017-12-26 00:00:00",3,
"2017-12-27 00:00:00",,
"2017-12-28 00:00:00",1,
"2017-12-29 00:00:00",,
"2017-12-30 00:00:00",,
"2017-12-31 00:00:00",,
"2018-01-01 00:00:00",,
"2018-01-02 00:00:00",,
"2018-01-03 00:00:00",,
"2018-01-04 00:00:00",1,
"2018-01-05 00:00:00",2,
"2018-01-06 00:00:00",,
"2018-01-07 00:00:00",,
"2018-01-08 00:00:00",,
"2018-01-09 00:00:00",3,
"2018-01-10 00:00:00",5,
"2018-01-11 00:00:00",3,
"2018-01-12 00:00:00",5,
"2018-01-13 00:00:00",,
"2018-01-14 00:00:00",,
"2018-01-15 00:00:00",6,
"2018-01-16 00:00:00",5,
"2018-01-17 00:00:00",4,
"2018-01-18 00:00:00",4,
"2018-01-19 00:00:00",4,
"2018-01-20 00:00:00",,
"2018-01-21 00:00:00",,
"2018-01-22 00:00:00",5,
"2018-01-23 00:00:00",5,
"2018-01-24 00:00:00",5,
"2018-01-25 00:00:00",5,
"2018-01-26 00:00:00",5,
"2018-01-27 00:00:00",1,
"2018-01-28 00:00:00",1,
"2018-01-29 00:00:00",5,
"2018-01-30 00:00:00",7,
"2018-01-31 00:00:00",5,
"2018-02-01 00:00:00",4,
"2018-02-02 00:00:00",4,
"2018-02-03 00:00:00",,
"2018-02-04 00:00:00",,
"2018-02-05 00:00:00",6,
"2018-02-06 00:00:00",5,
"2018-02-07 00:00:00",4,
"2018-02-08 00:00:00",6,
"2018-02-09 00:00:00",6,
"2018-02-10 00:00:00",1,
"2018-02-11 00:00:00",1,
"2018-02-12 00:00:00",2,
"2018-02-13 00:00:00",5,
"2018-02-14 00:00:00",6,
"2018-02-15 00:00:00",5,
"2018-02-16 00:00:00",6,
"2018-02-17 00:00:00",1,
"2018-02-18 00:00:00",,
"2018-02-19 00:00:00",5,
"2018-02-20 00:00:00",11,
"2018-02-21 00:00:00",,
"2018-02-22 00:00:00",,
"2018-02-23 00:00:00",,
"2018-02-24 00:00:00",,
"2018-02-25 00:00:00",,
"2018-02-26 00:00:00",,
"2018-02-27 00:00:00",,
"2018-02-28 00:00:00",,
"2018-03-01 00:00:00",,
"2018-03-02 00:00:00",,
"2018-03-03 00:00:00",,
"2018-03-04 00:00:00",,
"2018-03-05 00:00:00",,
"2018-03-06 00:00:00",,
"2018-03-07 00:00:00",,
"2018-03-08 00:00:00",,
"2018-03-09 00:00:00",,
"2018-03-10 00:00:00",,
"2018-03-11 00:00:00",,
"2018-03-12 00:00:00",,
"2018-03-13 00:00:00",,
"2018-03-14 00:00:00",,
"2018-03-15 00:00:00",,
"2018-03-16 00:00:00",,
"2018-03-17 00:00:00",,
"2018-03-18 00:00:00",,
"2018-03-19 00:00:00",,
"2018-03-20 00:00:00",,
"2018-03-21 00:00:00",,
"2018-03-22 00:00:00",,
"2018-03-23 00:00:00",,
"2018-03-24 00:00:00",,
"2018-03-25 00:00:00",,
"2018-03-26 00:00:00",,
"2018-03-27 00:00:00",,
"2018-03-28 00:00:00",,
"2018-03-29 00:00:00",,
"2018-03-30 00:00:00",,
"2018-03-31 00:00:00",,
"2018-04-01 00:00:00",,
"2018-04-02 00:00:00",,
"2018-04-03 00:00:00",,
"2018-04-04 00:00:00",,
"2018-04-05 00:00:00",,
"2018-04-06 00:00:00",,
"2018-04-07 00:00:00",,
"2018-04-08 00:00:00",,
"2018-04-09 00:00:00",,
"2018-04-10 00:00:00",,
"2018-04-11 00:00:00",,
"2018-04-12 00:00:00",,
"2018-04-13 00:00:00",,
"2018-04-14 00:00:00",,
"2018-04-15 00:00:00",,
"2018-04-16 00:00:00",,
"2018-04-17 00:00:00",,
"2018-04-18 00:00:00",,
"2018-04-19 00:00:00",,
"2018-04-20 00:00:00",,
"2018-04-21 00:00:00",,
"2018-04-22 00:00:00",,
"2018-04-23 00:00:00",,
"2018-04-24 00:00:00",,
"2018-04-25 00:00:00",,
"2018-04-26 00:00:00",,
"2018-04-27 00:00:00",,
"2018-04-28 00:00:00",,
"2018-04-29 00:00:00",,
"2018-04-30 00:00:00",,
"2018-05-01 00:00:00",,
"2018-05-02 00:00:00",,
"2018-05-03 00:00:00",,
"2018-05-04 00:00:00",,
"2018-05-05 00:00:00",,
"2018-05-06 00:00:00",,
"2018-05-07 00:00:00",,
"2018-05-08 00:00:00",,
"2018-05-09 00:00:00",,
"2018-05-10 00:00:00",,
"2018-05-11 00:00:00",,
"2018-05-12 00:00:00",,
"2018-05-13 00:00:00",,
"2018-05-14 00:00:00",,
"2018-05-15 00:00:00",,
"2018-05-16 00:00:00",,
"2018-05-17 00:00:00",,
"2018-05-18 00:00:00",,
"2018-05-19 00:00:00",,
"2018-05-20 00:00:00",,
"2018-05-21 00:00:00",,
"2018-05-22 00:00:00",,
"2018-05-23 00:00:00",,
"2018-05-24 00:00:00",,
"2018-05-25 00:00:00",,
"2018-05-26 00:00:00",,
"2018-05-27 00:00:00",,
"2018-05-28 00:00:00",,
"2018-05-29 00:00:00",,
"2018-05-30 00:00:00",,
"2018-05-31 00:00:00",,
"2018-06-01 00:00:00",,
"2018-06-02 00:00:00",,
"2018-06-03 00:00:00",,
"2018-06-04 00:00:00",,
"2018-06-05 00:00:00",,
"2018-06-06 00:00:00",,
"2018-06-07 00:00:00",,
"2018-06-08 00:00:00",,
"2018-06-09 00:00:00",,
"2018-06-10 00:00:00",,
"2018-06-11 00:00:00",,
"2018-06-12 00:00:00",,
"2018-06-13 00:00:00",,
"2018-06-14 00:00:00",,
"2018-06-15 00:00:00",,
"2018-06-16 00:00:00",,
"2018-06-17 00:00:00",,
"2018-06-18 00:00:00",,
"2018-06-19 00:00:00",,
"2018-06-20 00:00:00",,
"2018-06-21 00:00:00",,
"2018-06-22 00:00:00",,
"2018-06-23 00:00:00",,
"2018-06-24 00:00:00",,
"2018-06-25 00:00:00",,
"2018-06-26 00:00:00",,
"2018-06-27 00:00:00",,
"2018-06-28 00:00:00",,
"2018-06-29 00:00:00",,
"2018-06-30 00:00:00",,
"2018-07-01 00:00:00",,
"2018-07-02 00:00:00",,
"2018-07-03 00:00:00",,
"2018-07-04 00:00:00",,
"2018-07-05 00:00:00",,
"2018-07-06 00:00:00",,
"2018-07-07 00:00:00",,
"2018-07-08 00:00:00",,
"2018-07-09 00:00:00",,
"2018-07-10 00:00:00",,
"2018-07-11 00:00:00",,
"2018-07-12 00:00:00",,
"2018-07-13 00:00:00",,
"2018-07-14 00:00:00",,
"2018-07-15 00:00:00",,
"2018-07-16 00:00:00",,
"2018-07-17 00:00:00",,
"2018-07-18 00:00:00",,
"2018-07-19 00:00:00",,
"2018-07-20 00:00:00",,
"2018-07-21 00:00:00",,
"2018-07-22 00:00:00",,
"2018-07-23 00:00:00",,
"2018-07-24 00:00:00",,
"2018-07-25 00:00:00",,
"2018-07-26 00:00:00",,
"2018-07-27 00:00:00",,
"2018-07-28 00:00:00",,
"2018-07-29 00:00:00",,
"2018-07-30 00:00:00",,
"2018-07-31 00:00:00",,
"2018-08-01 00:00:00",,
"2018-08-02 00:00:00",,
"2018-08-03 00:00:00",,
"2018-08-04 00:00:00",,
"2018-08-05 00:00:00",,
"2018-08-06 00:00:00",,
"2018-08-07 00:00:00",,
"2018-08-08 00:00:00",,
"2018-08-09 00:00:00",240872,
"2018-08-10 00:00:00",289952,
"2018-08-11 00:00:00",318440,
"2018-08-12 00:00:00",334684,
"2018-08-13 00:00:00",320909,
"2018-08-14 00:00:00",316020,
"2018-08-15 00:00:00",317607,
"2018-08-16 00:00:00",298697,
"2018-08-17 00:00:00",291192,
"2018-08-18 00:00:00",308606,
"2018-08-19 00:00:00",307985,
"2018-08-20 00:00:00",273255,
"2018-08-21 00:00:00",263038,
"2018-08-22 00:00:00",249687,
"2018-08-23 00:00:00",262726,
"2018-08-24 00:00:00",266711,
"2018-08-25 00:00:00",279116,
"2018-08-26 00:00:00",276164,
"2018-08-27 00:00:00",246957,
"2018-08-28 00:00:00",236542,
"2018-08-29 00:00:00",226487,
"2018-08-30 00:00:00",219524,
"2018-08-31 00:00:00",219034,
"2018-09-01 00:00:00",231448,
"2018-09-02 00:00:00",229337,
"2018-09-03 00:00:00",205412,
"2018-09-04 00:00:00",193102,
"2018-09-05 00:00:00",184411,
"2018-09-06 00:00:00",212901,
"2018-09-07 00:00:00",203540,
"2018-09-08 00:00:00",213778,
"2018-09-09 00:00:00",204645,
"2018-09-10 00:00:00",176369,
"2018-09-11 00:00:00",170452,
"2018-09-12 00:00:00",162885,
"2018-09-13 00:00:00",157923,
"2018-09-14 00:00:00",161502,
"2018-09-15 00:00:00",166982,
"2018-09-16 00:00:00",160239,
"2018-09-17 00:00:00",135011,
"2018-09-18 00:00:00",129060,
"2018-09-19 00:00:00",124025,
"2018-09-20 00:00:00",119436,
"2018-09-21 00:00:00",132048,
"2018-09-22 00:00:00",128598,
"2018-09-23 00:00:00",125912,
"2018-09-24 00:00:00",105539,
"2018-09-25 00:00:00",105906,
"2018-09-26 00:00:00",101263,
"2018-09-27 00:00:00",98332,
"2018-09-28 00:00:00",100650,
"2018-09-29 00:00:00",107440,
"2018-09-30 00:00:00",104046,
"2018-10-01 00:00:00",87237,
"2018-10-02 00:00:00",84363,
"2018-10-03 00:00:00",82697,
"2018-10-04 00:00:00",80762,
"2018-10-05 00:00:00",122588,
"2018-10-06 00:00:00",120506,
"2018-10-07 00:00:00",114646,
"2018-10-08 00:00:00",101778,
"2018-10-09 00:00:00",95751,
"2018-10-10 00:00:00",88576,
"2018-10-11 00:00:00",85054,
"2018-10-12 00:00:00",89992,
"2018-10-13 00:00:00",93228,
"2018-10-14 00:00:00",82251,
"2018-10-15 00:00:00",73954,
"2018-10-16 00:00:00",71358,
"2018-10-17 00:00:00",67006,
"2018-10-18 00:00:00",68342,
"2018-10-19 00:00:00",75560,
"2018-10-20 00:00:00",74404,
"2018-10-21 00:00:00",68385,
"2018-10-22 00:00:00",59415,
"2018-10-23 00:00:00",57197,
"2018-10-24 00:00:00",54715,
"2018-10-25 00:00:00",52809,
"2018-10-26 00:00:00",54611,
"2018-10-27 00:00:00",56892,
"2018-10-28 00:00:00",53145,
"2018-10-29 00:00:00",46400,
"2018-10-30 00:00:00",44894,
"2018-10-31 00:00:00",51300,
"2018-11-01 00:00:00",52334,
"2018-11-02 00:00:00",122565,
"2018-11-03 00:00:00",107612,
"2018-11-04 00:00:00",95955,
"2018-11-05 00:00:00",79920,
"2018-11-06 00:00:00",73063,
"2018-11-07 00:00:00",64726,
"2018-11-08 00:00:00",60277,
"2018-11-09 00:00:00",59263,
"2018-11-10 00:00:00",61493,
"2018-11-11 00:00:00",54562,
"2018-11-12 00:00:00",47688,
"2018-11-13 00:00:00",46535,
"2018-11-14 00:00:00",45110,
"2018-11-15 00:00:00",43282,
"2018-11-16 00:00:00",60365,
"2018-11-17 00:00:00",57294,
"2018-11-18 00:00:00",51704,
"2018-11-19 00:00:00",43652,
"2018-11-20 00:00:00",40884,
"2018-11-21 00:00:00",41220,
"2018-11-22 00:00:00",70379,
"2018-11-23 00:00:00",64115,
"2018-11-24 00:00:00",65946,
"2018-11-25 00:00:00",63057,
"2018-11-26 00:00:00",55090,
"2018-11-27 00:00:00",53860,
"2018-11-28 00:00:00",53302,
"2018-11-29 00:00:00",51687,
"2018-11-30 00:00:00",79051,
"2018-12-01 00:00:00",76826,
"2018-12-02 00:00:00",71226,
"2018-12-03 00:00:00",60492,
"2018-12-04 00:00:00",57846,
"2018-12-05 00:00:00",54307,
"2018-12-06 00:00:00",53858,
"2018-12-07 00:00:00",54965,
"2018-12-08 00:00:00",59585,
"2018-12-09 00:00:00",56848,
"2018-12-10 00:00:00",49599,
"2018-12-11 00:00:00",52550,
"2018-12-12 00:00:00",50475,
"2018-12-13 00:00:00",49539,
"2018-12-14 00:00:00",64385,
"2018-12-15 00:00:00",63955,
"2018-12-16 00:00:00",61070,
"2018-12-17 00:00:00",52696,
"2018-12-18 00:00:00",47654,
"2018-12-19 00:00:00",45516,
"2018-12-20 00:00:00",45489,
"2018-12-21 00:00:00",93807,
"2018-12-22 00:00:00",88027,
"2018-12-23 00:00:00",83449,
"2018-12-24 00:00:00",77168,
"2018-12-25 00:00:00",72039,
"2018-12-26 00:00:00",74830,
"2018-12-27 00:00:00",73653,
"2018-12-28 00:00:00",74903,
"2018-12-29 00:00:00",76141,
"2018-12-30 00:00:00",75200,
"2018-12-31 00:00:00",65359,
"2019-01-01 00:00:00",68428,
"2019-01-02 00:00:00",68731,
"2019-01-03 00:00:00",68812,
"2019-01-04 00:00:00",97343,
"2019-01-05 00:00:00",95520,
"2019-01-06 00:00:00",86085,
"2019-01-07 00:00:00",74593,
"2019-01-08 00:00:00",70744,
"2019-01-09 00:00:00",67649,
"2019-01-10 00:00:00",67288,
"2019-01-11 00:00:00",63220,
"2019-01-12 00:00:00",68826,
"2019-01-13 00:00:00",65988,
"2019-01-14 00:00:00",54237,
"2019-01-15 00:00:00",52914,
"2019-01-16 00:00:00",51325,
"2019-01-17 00:00:00",50992,
"2019-01-18 00:00:00",62100,
"2019-01-19 00:00:00",65447,
"2019-01-20 00:00:00",63217,
"2019-01-21 00:00:00",51343,
"2019-01-22 00:00:00",52921,
"2019-01-23 00:00:00",54341,
"2019-01-24 00:00:00",52630,
"2019-01-25 00:00:00",53559,
"2019-01-26 00:00:00",94397,
"2019-01-27 00:00:00",89874,
"2019-01-28 00:00:00",75045,
"2019-01-29 00:00:00",67345,
"2019-01-30 00:00:00",65191,
"2019-01-31 00:00:00",60648,
"2019-02-01 00:00:00",59440,
"2019-02-02 00:00:00",62572,
"2019-02-03 00:00:00",61721,
"2019-02-04 00:00:00",45109,
"2019-02-05 00:00:00",47566,
"2019-02-06 00:00:00",48389,
"2019-02-07 00:00:00",48333,
"2019-02-08 00:00:00",54136,
"2019-02-09 00:00:00",60941,
"2019-02-10 00:00:00",62495,
"2019-02-11 00:00:00",54202,
"2019-02-12 00:00:00",53445,
"2019-02-13 00:00:00",51505,
"2019-02-14 00:00:00",47471,
"2019-02-15 00:00:00",48886,
"2019-02-16 00:00:00",52745,
"2019-02-17 00:00:00",52206,
"2019-02-18 00:00:00",46119,
"2019-02-19 00:00:00",44199,
"2019-02-20 00:00:00",43668,
"2019-02-21 00:00:00",44053,
"2019-02-22 00:00:00",45293,
"2019-02-23 00:00:00",46045,
"2019-02-24 00:00:00",42261,
"2019-02-25 00:00:00",36574,
"2019-02-26 00:00:00",35072,
"2019-02-27 00:00:00",34224,
"2019-02-28 00:00:00",34021,
"2019-03-01 00:00:00",36315,
"2019-03-02 00:00:00",38457,
"2019-03-03 00:00:00",35912,
"2019-03-04 00:00:00",31351,
"2019-03-05 00:00:00",31307,
"2019-03-06 00:00:00",30741,
"2019-03-07 00:00:00",30306,
"2019-03-08 00:00:00",35740,
"2019-03-09 00:00:00",37516,
"2019-03-10 00:00:00",34115,
"2019-03-11 00:00:00",28926,
"2019-03-12 00:00:00",28116,
"2019-03-13 00:00:00",27912,
"2019-03-14 00:00:00",27499,
"2019-03-15 00:00:00",36936,
"2019-03-16 00:00:00",38254,
"2019-03-17 00:00:00",35174,
"2019-03-18 00:00:00",29754,
"2019-03-19 00:00:00",28964,
"2019-03-20 00:00:00",27808,
"2019-03-21 00:00:00",28220,
"2019-03-22 00:00:00",33718,
"2019-03-23 00:00:00",32913,
"2019-03-24 00:00:00",29390,
"2019-03-25 00:00:00",24018,
"2019-03-26 00:00:00",23847,
"2019-03-27 00:00:00",23499,
"2019-03-28 00:00:00",23229,
"2019-03-29 00:00:00",23865,
"2019-03-30 00:00:00",25640,
"2019-03-31 00:00:00",24194,
"2019-04-01 00:00:00",20380,
"2019-04-02 00:00:00",20399,
"2019-04-03 00:00:00",20337,
"2019-04-04 00:00:00",25121,
"2019-04-05 00:00:00",37056,
"2019-04-06 00:00:00",36674,
"2019-04-07 00:00:00",38070,
"2019-04-08 00:00:00",33757,
"2019-04-09 00:00:00",34417,
"2019-04-10 00:00:00",32781,
"2019-04-11 00:00:00",32409,
"2019-04-12 00:00:00",34915,
"2019-04-13 00:00:00",37362,
"2019-04-14 00:00:00",35114,
"2019-04-15 00:00:00",30674,
"2019-04-16 00:00:00",30065,
"2019-04-17 00:00:00",28619,
"2019-04-18 00:00:00",29139,
"2019-04-19 00:00:00",51707,
"2019-04-20 00:00:00",48689,
"2019-04-21 00:00:00",43383,
"2019-04-22 00:00:00",41037,
"2019-04-23 00:00:00",35768,
"2019-04-24 00:00:00",32665,
"2019-04-25 00:00:00",32800,
"2019-04-26 00:00:00",49794,
"2019-04-27 00:00:00",51871,
"2019-04-28 00:00:00",51942,
"2019-04-29 00:00:00",45792,
"2019-04-30 00:00:00",46130,
"2019-05-01 00:00:00",46198,
"2019-05-02 00:00:00",41039,
"2019-05-03 00:00:00",45899,
"2019-05-04 00:00:00",48400,
"2019-05-05 00:00:00",49323,
"2019-05-06 00:00:00",41555,
"2019-05-07 00:00:00",40384,
"2019-05-08 00:00:00",40852,
"2019-05-09 00:00:00",52616,
"2019-05-10 00:00:00",54453,
"2019-05-11 00:00:00",59550,
"2019-05-12 00:00:00",57132,
"2019-05-13 00:00:00",47823,
"2019-05-14 00:00:00",48033,
"2019-05-15 00:00:00",47078,
"2019-05-16 00:00:00",46700,
"2019-05-17 00:00:00",52765,
"2019-05-18 00:00:00",52482,
"2019-05-19 00:00:00",47390,
"2019-05-20 00:00:00",37826,
"2019-05-21 00:00:00",36307,
"2019-05-22 00:00:00",34312,
"2019-05-23 00:00:00",32411,
"2019-05-24 00:00:00",34483,
"2019-05-25 00:00:00",37732,
"2019-05-26 00:00:00",35454,
"2019-05-27 00:00:00",31133,
"2019-05-28 00:00:00",30487,
"2019-05-29 00:00:00",30526,
"2019-05-30 00:00:00",34023,
"2019-05-31 00:00:00",39419,
"2019-06-01 00:00:00",41438,
"2019-06-02 00:00:00",39985,
"2019-06-03 00:00:00",34377,
"2019-06-04 00:00:00",33729,
"2019-06-05 00:00:00",36256,
"2019-06-06 00:00:00",36724,
"2019-06-07 00:00:00",44992,
"2019-06-08 00:00:00",45036,
"2019-06-09 00:00:00",42960,
"2019-06-10 00:00:00",38863,
"2019-06-11 00:00:00",34851,
"2019-06-12 00:00:00",33920,
"2019-06-13 00:00:00",33184,
"2019-06-14 00:00:00",34594,
"2019-06-15 00:00:00",37913,
"2019-06-16 00:00:00",36210,
"2019-06-17 00:00:00",31047,
"2019-06-18 00:00:00",29982,
"2019-06-19 00:00:00",29965,
"2019-06-20 00:00:00",31366,
"2019-06-21 00:00:00",36438,
"2019-06-22 00:00:00",39574,
"2019-06-23 00:00:00",38389,
"2019-06-24 00:00:00",32601,
"2019-06-25 00:00:00",32650,
"2019-06-26 00:00:00",41827,
"2019-06-27 00:00:00",47269,
"2019-06-28 00:00:00",51308,
"2019-06-29 00:00:00",58116,
"2019-06-30 00:00:00",59400,
"2019-07-01 00:00:00",60198,
"2019-07-02 00:00:00",61740,
"2019-07-03 00:00:00",62860,
"2019-07-04 00:00:00",64361,
"2019-07-05 00:00:00",68446,
"2019-07-06 00:00:00",72684,
"2019-07-07 00:00:00",72353,
"2019-07-08 00:00:00",68556,
"2019-07-09 00:00:00",70776,
"2019-07-10 00:00:00",68905,
"2019-07-11 00:00:00",68367,
"2019-07-12 00:00:00",72677,
"2019-07-13 00:00:00",74119,
"2019-07-14 00:00:00",73941,
"2019-07-15 00:00:00",67556,
"2019-07-16 00:00:00",66160,
"2019-07-17 00:00:00",63641,
"2019-07-18 00:00:00",63353,
"2019-07-19 00:00:00",65645,
"2019-07-20 00:00:00",68872,
"2019-07-21 00:00:00",66311,
"2019-07-22 00:00:00",61835,
"2019-07-23 00:00:00",59349,
"2019-07-24 00:00:00",57922,
"2019-07-25 00:00:00",58440,
"2019-07-26 00:00:00",91108,
"2019-07-27 00:00:00",89350,
"2019-07-28 00:00:00",85691,
"2019-07-29 00:00:00",79987,
"2019-07-30 00:00:00",75733,
"2019-07-31 00:00:00",72636,
"2019-08-01 00:00:00",69724,
"2019-08-02 00:00:00",71241,
"2019-08-03 00:00:00",72860,
"2019-08-04 00:00:00",70863,
"2019-08-05 00:00:00",65103,
"2019-08-06 00:00:00",63041,
"2019-08-07 00:00:00",60333,
"2019-08-08 00:00:00",61533,
"2019-08-09 00:00:00",62661,
"2019-08-10 00:00:00",67588,
"2019-08-11 00:00:00",70782,
"2019-08-12 00:00:00",67683,
"2019-08-13 00:00:00",69370,
"2019-08-14 00:00:00",69115,
"2019-08-15 00:00:00",68513,
"2019-08-16 00:00:00",67765,
"2019-08-17 00:00:00",69855,
"2019-08-18 00:00:00",68633,
"2019-08-19 00:00:00",62744,
"2019-08-20 00:00:00",60925,
"2019-08-21 00:00:00",62042,
"2019-08-22 00:00:00",61097,
"2019-08-23 00:00:00",65063,
"2019-08-24 00:00:00",70454,
"2019-08-25 00:00:00",69449,
"2019-08-26 00:00:00",64053,
"2019-08-27 00:00:00",60278,
"2019-08-28 00:00:00",61301,
"2019-08-29 00:00:00",59297,
"2019-08-30 00:00:00",51713,
"2019-08-31 00:00:00",53849,
"2019-09-01 00:00:00",51570,
"2019-09-02 00:00:00",47257,
"2019-09-03 00:00:00",46424,
"2019-09-04 00:00:00",45896,
"2019-09-05 00:00:00",45811,
"2019-09-06 00:00:00",53664,
"2019-09-07 00:00:00",61823,
"2019-09-08 00:00:00",62162,
"2019-09-09 00:00:00",56060,
"2019-09-10 00:00:00",57542,
"2019-09-11 00:00:00",58242,
"2019-09-12 00:00:00",62302,
"2019-09-13 00:00:00",67639,
"2019-09-14 00:00:00",78848,
"2019-09-15 00:00:00",83542,
"2019-09-16 00:00:00",80173,
"2019-09-17 00:00:00",82129,
"2019-09-18 00:00:00",82813,
"2019-09-19 00:00:00",85069,
"2019-09-20 00:00:00",93183,
"2019-09-21 00:00:00",98197,
"2019-09-22 00:00:00",94776,
"2019-09-23 00:00:00",83840,
"2019-09-24 00:00:00",81430,
"2019-09-25 00:00:00",77767,
"2019-09-26 00:00:00",76444,
"2019-09-27 00:00:00",91009,
"2019-09-28 00:00:00",89972,
"2019-09-29 00:00:00",87100,
"2019-09-30 00:00:00",76348,
"2019-10-01 00:00:00",70227,
"2019-10-02 00:00:00",66972,
"2019-10-03 00:00:00",67785,
"2019-10-04 00:00:00",63813,
"2019-10-05 00:00:00",67284,
"2019-10-06 00:00:00",66643,
"2019-10-07 00:00:00",57328,
"2019-10-08 00:00:00",58670,
"2019-10-09 00:00:00",57492,
"2019-10-10 00:00:00",57005,
"2019-10-11 00:00:00",62485,
"2019-10-12 00:00:00",65806,
"2019-10-13 00:00:00",61629,
"2019-10-14 00:00:00",54635,
"2019-10-15 00:00:00",51093,
"2019-10-16 00:00:00",50116,
"2019-10-17 00:00:00",49753,
"2019-10-18 00:00:00",74824,
"2019-10-19 00:00:00",74611,
"2019-10-20 00:00:00",69642,
"2019-10-21 00:00:00",61468,
"2019-10-22 00:00:00",58741,
"2019-10-23 00:00:00",54954,
"2019-10-24 00:00:00",52861,
"2019-10-25 00:00:00",55080,
"2019-10-26 00:00:00",62871,
"2019-10-27 00:00:00",62713,
"2019-10-28 00:00:00",60696,
"2019-10-29 00:00:00",57367,
"2019-10-30 00:00:00",59258,
"2019-10-31 00:00:00",60716,
"2019-11-01 00:00:00",60377,
"2019-11-02 00:00:00",59648,
"2019-11-03 00:00:00",55798,
"2019-11-04 00:00:00",52981,
"2019-11-05 00:00:00",51549,
"2019-11-06 00:00:00",50467,
"2019-11-07 00:00:00",48754,
"2019-11-08 00:00:00",51610,
"2019-11-09 00:00:00",54451,
"2019-11-10 00:00:00",43046,
"2019-11-11 00:00:00",43390,
"2019-11-12 00:00:00",42012,
"2019-11-13 00:00:00",41303,
"2019-11-14 00:00:00",40245,
"2019-11-15 00:00:00",42783,
"2019-11-16 00:00:00",44546,
"2019-11-17 00:00:00",41777,
"2019-11-18 00:00:00",37291,
"2019-11-19 00:00:00",35736,
"2019-11-20 00:00:00",35209,
"2019-11-21 00:00:00",34502,
"2019-11-22 00:00:00",39437,
"2019-11-23 00:00:00",41376,
"2019-11-24 00:00:00",39608,
"2019-11-25 00:00:00",35293,
"2019-11-26 00:00:00",34247,
"2019-11-27 00:00:00",35756,
"2019-11-28 00:00:00",37946,
"2019-11-29 00:00:00",58004,
"2019-11-30 00:00:00",61093,
"2019-12-01 00:00:00",60566,
"2019-12-02 00:00:00",56260,
"2019-12-03 00:00:00",57304,
"2019-12-04 00:00:00",55414,
"2019-12-05 00:00:00",55188,
"2019-12-06 00:00:00",64934,
"2019-12-07 00:00:00",67802,
"2019-12-08 00:00:00",63152,
"2019-12-09 00:00:00",56638,
"2019-12-10 00:00:00",55381,
"2019-12-11 00:00:00",51106,
"2019-12-12 00:00:00",47113,
"2019-12-13 00:00:00",51623,
"2019-12-14 00:00:00",56421,
"2019-12-15 00:00:00",53841,
"2019-12-16 00:00:00",48122,
"2019-12-17 00:00:00",46816,
"2019-12-18 00:00:00",44748,
"2019-12-19 00:00:00",43957,
"2019-12-20 00:00:00",50208,
"2019-12-21 00:00:00",55668,
"2019-12-22 00:00:00",58863,
"2019-12-23 00:00:00",58515,
"2019-12-24 00:00:00",57765,
"2019-12-25 00:00:00",58485,
"2019-12-26 00:00:00",61686,
"2019-12-27 00:00:00",66691,
"2019-12-28 00:00:00",69697,
"2019-12-29 00:00:00",69511,
"2019-12-30 00:00:00",68685,
"2019-12-31 00:00:00",64922,
"2020-01-01 00:00:00",67925,
"2020-01-02 00:00:00",70810,
"2020-01-03 00:00:00",71218,
"2020-01-04 00:00:00",72595,
"2020-01-05 00:00:00",69423,
"2020-01-06 00:00:00",63854,
"2020-01-07 00:00:00",62381,
"2020-01-08 00:00:00",63606,
"2020-01-09 00:00:00",101350,
"2020-01-10 00:00:00",232598,
"2020-01-11 00:00:00",274114,
"2020-01-12 00:00:00",284524,
"2020-01-13 00:00:00",250113,
"2020-01-14 00:00:00",241828,
"2020-01-15 00:00:00",233438,
"2020-01-16 00:00:00",215939,
"2020-01-17 00:00:00",219524,
"2020-01-18 00:00:00",237784,
"2020-01-19 00:00:00",237494,
"2020-01-20 00:00:00",202450,
"2020-01-21 00:00:00",194057,
"2020-01-22 00:00:00",185431,
"2020-01-23 00:00:00",178578,
"2020-01-24 00:00:00",185441,
"2020-01-25 00:00:00",217164,
"2020-01-26 00:00:00",227398,
"2020-01-27 00:00:00",206565,
"2020-01-28 00:00:00",209476,
"2020-01-29 00:00:00",207812,
"2020-01-30 00:00:00",204878,
"2020-01-31 00:00:00",206373,
"2020-02-01 00:00:00",224116,
"2020-02-02 00:00:00",225235,
"2020-02-03 00:00:00",197388,
"2020-02-04 00:00:00",191504,
"2020-02-05 00:00:00",190134,
"2020-02-06 00:00:00",222799,
"2020-02-07 00:00:00",212030,
"2020-02-08 00:00:00",221567,
"2020-02-09 00:00:00",218278,
"2020-02-10 00:00:00",188946,
"2020-02-11 00:00:00",181501,
"2020-02-12 00:00:00",174021,
"2020-02-13 00:00:00",180705,
"2020-02-14 00:00:00",169802,
"2020-02-15 00:00:00",187052,
"2020-02-16 00:00:00",188261,
"2020-02-17 00:00:00",168889,
"2020-02-18 00:00:00",161456,
"2020-02-19 00:00:00",154258,
"2020-02-20 00:00:00",145633,
"2020-02-21 00:00:00",152605,
"2020-02-22 00:00:00",161200,
"2020-02-23 00:00:00",158404,
"2020-02-24 00:00:00",141340,
"2020-02-25 00:00:00",135773,
"2020-02-26 00:00:00",131086,
"2020-02-27 00:00:00",126145,
"2020-02-28 00:00:00",166220,
"2020-02-29 00:00:00",164297,
"2020-03-01 00:00:00",155780,
"2020-03-02 00:00:00",137520,
"2020-03-03 00:00:00",132257,
"2020-03-04 00:00:00",128078,
"2020-03-05 00:00:00",123298,
"2020-03-06 00:00:00",125266,
"2020-03-07 00:00:00",132794,
"2020-03-08 00:00:00",127974,
"2020-03-09 00:00:00",112697,
"2020-03-10 00:00:00",111745,
"2020-03-11 00:00:00",107483,
"2020-03-12 00:00:00",149477,
"2020-03-13 00:00:00",134799,
"2020-03-14 00:00:00",131574,
"2020-03-15 00:00:00",123044,
"2020-03-16 00:00:00",108458,
"2020-03-17 00:00:00",104371,
"2020-03-18 00:00:00",102006,
"2020-03-19 00:00:00",103372,
"2020-03-20 00:00:00",219730,
"2020-03-21 00:00:00",205296,
"2020-03-22 00:00:00",189899,
"2020-03-23 00:00:00",166259,
"2020-03-24 00:00:00",154125,
"2020-03-25 00:00:00",144309,
"2020-03-26 00:00:00",138000,
"2020-03-27 00:00:00",142219,
"2020-03-28 00:00:00",146795,
"2020-03-29 00:00:00",140038,
"2020-03-30 00:00:00",126334,
"2020-03-31 00:00:00",120934,
"2020-04-01 00:00:00",113459,
"2020-04-02 00:00:00",111354,
"2020-04-03 00:00:00",113225,
"2020-04-04 00:00:00",143037,
"2020-04-05 00:00:00",113925,
"2020-04-06 00:00:00",103450,
"2020-04-07 00:00:00",100154,
"2020-04-08 00:00:00",96939,
"2020-04-09 00:00:00",144420,
"2020-04-10 00:00:00",150258,
"2020-04-11 00:00:00",142522,
"2020-04-12 00:00:00",129522,
"2020-04-13 00:00:00",122439,
"2020-04-14 00:00:00",114511,
"2020-04-15 00:00:00",108037,
"2020-04-16 00:00:00",101572,
"2020-04-17 00:00:00",100827,
"2020-04-18 00:00:00",106077,
"2020-04-19 00:00:00",99845,
"2020-04-20 00:00:00",90256,
"2020-04-21 00:00:00",90161,
"2020-04-22 00:00:00",91953,
"2020-04-23 00:00:00",135041,
"2020-04-24 00:00:00",122598,
"2020-04-25 00:00:00",117349,
"2020-04-26 00:00:00",109683,
"2020-04-27 00:00:00",96574,
"2020-04-28 00:00:00",93077,
"2020-04-29 00:00:00",88503,
"2020-04-30 00:00:00",87985,
"2020-05-01 00:00:00",107426,
"2020-05-02 00:00:00",99856,
"2020-05-03 00:00:00",99479,
"2020-05-04 00:00:00",89960,
"2020-05-05 00:00:00",88529,
"2020-05-06 00:00:00",86541,
"2020-05-07 00:00:00",85360,
"2020-05-08 00:00:00",92309,
"2020-05-09 00:00:00",95152,
"2020-05-10 00:00:00",88807,
"2020-05-11 00:00:00",78944,
"2020-05-12 00:00:00",76964,
"2020-05-13 00:00:00",73229,
"2020-05-14 00:00:00",71440,
"2020-05-15 00:00:00",71026,
"2020-05-16 00:00:00",75581,
"2020-05-17 00:00:00",69410,
"2020-05-18 00:00:00",60969,
"2020-05-19 00:00:00",59864,
"2020-05-20 00:00:00",57087,
"2020-05-21 00:00:00",58805,
"2020-05-22 00:00:00",62430,
"2020-05-23 00:00:00",65101,
"2020-05-24 00:00:00",61098,
"2020-05-25 00:00:00",55862,
"2020-05-26 00:00:00",52316,
"2020-05-27 00:00:00",51162,
"2020-05-28 00:00:00",49058,
"2020-05-29 00:00:00",50510,
"2020-05-30 00:00:00",54589,
"2020-05-31 00:00:00",50669,
"2020-06-01 00:00:00",47049,
"2020-06-02 00:00:00",43113,
"2020-06-03 00:00:00",42157,
"2020-06-04 00:00:00",40888,
"2020-06-05 00:00:00",47953,
"2020-06-06 00:00:00",51506,
"2020-06-07 00:00:00",48595,
"2020-06-08 00:00:00",42854,
"2020-06-09 00:00:00",41957,
"2020-06-10 00:00:00",41230,
"2020-06-11 00:00:00",41464,
"2020-06-12 00:00:00",42054,
"2020-06-13 00:00:00",44607,
"2020-06-14 00:00:00",43117,
"2020-06-15 00:00:00",37627,
"2020-06-16 00:00:00",37798,
"2020-06-17 00:00:00",37230,
"2020-06-18 00:00:00",36038,
"2020-06-19 00:00:00",38267,
"2020-06-20 00:00:00",39912,
"2020-06-21 00:00:00",37684,
"2020-06-22 00:00:00",34511,
"2020-06-23 00:00:00",33880,
"2020-06-24 00:00:00",34970,
"2020-06-25 00:00:00",33694,
"2020-06-26 00:00:00",38952,
"2020-06-27 00:00:00",43261,
"2020-06-28 00:00:00",44504,
"2020-06-29 00:00:00",42297,
"2020-06-30 00:00:00",44825,
"2020-07-01 00:00:00",48016,
"2020-07-02 00:00:00",51165,
"2020-07-03 00:00:00",65137,
"2020-07-04 00:00:00",67938,
"2020-07-05 00:00:00",68179,
"2020-07-06 00:00:00",65749,
"2020-07-07 00:00:00",66952,
"2020-07-08 00:00:00",69637,
"2020-07-09 00:00:00",144376,
"2020-07-10 00:00:00",129770,
"2020-07-11 00:00:00",122135,
"2020-07-12 00:00:00",110914,
"2020-07-13 00:00:00",97665,
"2020-07-14 00:00:00",91520,
"2020-07-15 00:00:00",82782,
"2020-07-16 00:00:00",78613,
"2020-07-17 00:00:00",83667,
"2020-07-18 00:00:00",84885,
"2020-07-19 00:00:00",80135,
"2020-07-20 00:00:00",70867,
"2020-07-21 00:00:00",68019,
"2020-07-22 00:00:00",99731,
"2020-07-23 00:00:00",87716,
"2020-07-24 00:00:00",83000,
"2020-07-25 00:00:00",83120,
"2020-07-26 00:00:00",79638,
"2020-07-27 00:00:00",72246,
"2020-07-28 00:00:00",71152,
"2020-07-29 00:00:00",68671,
"2020-07-30 00:00:00",66096,
"2020-07-31 00:00:00",70428,
"2020-08-01 00:00:00",73208,
"2020-08-02 00:00:00",71859,
"2020-08-03 00:00:00",65708,
"2020-08-04 00:00:00",66229,
"2020-08-05 00:00:00",61402,
"2020-08-06 00:00:00",61221,
"2020-08-07 00:00:00",74289,
"2020-08-08 00:00:00",66343,
"2020-08-09 00:00:00",63420,
"2020-08-10 00:00:00",58431,
"2020-08-11 00:00:00",55320,
"2020-08-12 00:00:00",52241,
"2020-08-13 00:00:00",52250,
"2020-08-14 00:00:00",54695,
"2020-08-15 00:00:00",55559,
"2020-08-16 00:00:00",54676,
"2020-08-17 00:00:00",49614,
"2020-08-18 00:00:00",47721,
"2020-08-19 00:00:00",46555,
"2020-08-20 00:00:00",45070,
"2020-08-21 00:00:00",53940,
"2020-08-22 00:00:00",56600,
"2020-08-23 00:00:00",55835,
"2020-08-24 00:00:00",50632,
"2020-08-25 00:00:00",48113,
"2020-08-26 00:00:00",48097,
"2020-08-27 00:00:00",46093,
"2020-08-28 00:00:00",54409,
"2020-08-29 00:00:00",57887,
"2020-08-30 00:00:00",56757,
"2020-08-31 00:00:00",51281,
"2020-09-01 00:00:00",50129,
"2020-09-02 00:00:00",50110,
"2020-09-03 00:00:00",48884,
"2020-09-04 00:00:00",51729,
"2020-09-05 00:00:00",62787,
"2020-09-06 00:00:00",61913,
"2020-09-07 00:00:00",56682,
"2020-09-08 00:00:00",49951,
"2020-09-09 00:00:00",48534,
"2020-09-10 00:00:00",48509,
"2020-09-11 00:00:00",54727,
"2020-09-12 00:00:00",57934,
"2020-09-13 00:00:00",54771,
"2020-09-14 00:00:00",47656,
"2020-09-15 00:00:00",43321,
"2020-09-16 00:00:00",42535,
"2020-09-17 00:00:00",40390,
"2020-09-18 00:00:00",46454,
"2020-09-19 00:00:00",49785,
"2020-09-20 00:00:00",47143,
"2020-09-21 00:00:00",41081,
"2020-09-22 00:00:00",39985,
"2020-09-23 00:00:00",39761,
"2020-09-24 00:00:00",37895,
"2020-09-25 00:00:00",45853,
"2020-09-26 00:00:00",50799,
"2020-09-27 00:00:00",52034,
"2020-09-28 00:00:00",46599,
"2020-09-29 00:00:00",47948,
"2020-09-30 00:00:00",49319,
"2020-10-01 00:00:00",109591,
"2020-10-02 00:00:00",117938,
"2020-10-03 00:00:00",123163,
"2020-10-04 00:00:00",119292,
"2020-10-05 00:00:00",105241,
"2020-10-06 00:00:00",101466,
"2020-10-07 00:00:00",94692,
"2020-10-08 00:00:00",87070,
"2020-10-09 00:00:00",89718,
"2020-10-10 00:00:00",92907,
"2020-10-11 00:00:00",82953,
"2020-10-12 00:00:00",70188,
"2020-10-13 00:00:00",69485,
"2020-10-14 00:00:00",65869,
"2020-10-15 00:00:00",63921,
"2020-10-16 00:00:00",103238,
"2020-10-17 00:00:00",97549,
"2020-10-18 00:00:00",91577,
"2020-10-19 00:00:00",78128,
"2020-10-20 00:00:00",73527,
"2020-10-21 00:00:00",70317,
"2020-10-22 00:00:00",67995,
"2020-10-23 00:00:00",74718,
"2020-10-24 00:00:00",75147,
"2020-10-25 00:00:00",67170,
"2020-10-26 00:00:00",59342,
"2020-10-27 00:00:00",56912,
"2020-10-28 00:00:00",54354,
"2020-10-29 00:00:00",51244,
"2020-10-30 00:00:00",55236,
"2020-10-31 00:00:00",58175,
"2020-11-01 00:00:00",57419,
"2020-11-02 00:00:00",51505,
"2020-11-03 00:00:00",50361,
"2020-11-04 00:00:00",49916,
"2020-11-05 00:00:00",48149,
"2020-11-06 00:00:00",50056,
"2020-11-07 00:00:00",53746,
"2020-11-08 00:00:00",50302,
"2020-11-09 00:00:00",41683,
"2020-11-10 00:00:00",40578,
"2020-11-11 00:00:00",38646,
"2020-11-12 00:00:00",36721,
"2020-11-13 00:00:00",39386,
"2020-11-14 00:00:00",43203,
"2020-11-15 00:00:00",40502,
"2020-11-16 00:00:00",34357,
"2020-11-17 00:00:00",33714,
"2020-11-18 00:00:00",33367,
"2020-11-19 00:00:00",33221,
"2020-11-20 00:00:00",41087,
"2020-11-21 00:00:00",44668,
"2020-11-22 00:00:00",43333,
"2020-11-23 00:00:00",36226,
"2020-11-24 00:00:00",34729,
"2020-11-25 00:00:00",35541,
"2020-11-26 00:00:00",38567,
"2020-11-27 00:00:00",44383,
"2020-11-28 00:00:00",51634,
"2020-11-29 00:00:00",52681,
"2020-11-30 00:00:00",47748,
"2020-12-01 00:00:00",48811,
"2020-12-02 00:00:00",48371,
"2020-12-03 00:00:00",47923,
"2020-12-04 00:00:00",54404,
"2020-12-05 00:00:00",56350,
"2020-12-06 00:00:00",53699,
"2020-12-07 00:00:00",47461,
"2020-12-08 00:00:00",44994,
"2020-12-09 00:00:00",42431,
"2020-12-10 00:00:00",37028,
"2020-12-11 00:00:00",39963,
"2020-12-12 00:00:00",44324,
"2020-12-13 00:00:00",43202,
"2020-12-14 00:00:00",39052,
"2020-12-15 00:00:00",38676,
"2020-12-16 00:00:00",37904,
"2020-12-17 00:00:00",37084,
"2020-12-18 00:00:00",40727,
"2020-12-19 00:00:00",44025,
"2020-12-20 00:00:00",42490,
"2020-12-21 00:00:00",39962,
"2020-12-22 00:00:00",38782,
"2020-12-23 00:00:00",39987,
"2020-12-24 00:00:00",41804,
"2020-12-25 00:00:00",42884,
"2020-12-26 00:00:00",48495,
"2020-12-27 00:00:00",49928,
"2020-12-28 00:00:00",48337,
"2020-12-29 00:00:00",49515,
"2020-12-30 00:00:00",49451,
"2020-12-31 00:00:00",47069,
"2021-01-01 00:00:00",51796,
"2021-01-02 00:00:00",54777,
"2021-01-03 00:00:00",55130,
"2021-01-04 00:00:00",50738,
"2021-01-05 00:00:00",51496,
"2021-01-06 00:00:00",51260,
"2021-01-07 00:00:00",49467,
"2021-01-08 00:00:00",51376,
"2021-01-09 00:00:00",56260,
"2021-01-10 00:00:00",56758,
"2021-01-11 00:00:00",49132,
"2021-01-12 00:00:00",48122,
"2021-01-13 00:00:00",47875,
"2021-01-14 00:00:00",46685,
"2021-01-15 00:00:00",49644,
"2021-01-16 00:00:00",54203,
"2021-01-17 00:00:00",54011,
"2021-01-18 00:00:00",46615,
"2021-01-19 00:00:00",46321,
"2021-01-20 00:00:00",45770,
"2021-01-21 00:00:00",44681,
"2021-01-22 00:00:00",46022,
"2021-01-23 00:00:00",50248,
"2021-01-24 00:00:00",50305,
"2021-01-25 00:00:00",43922,
"2021-01-26 00:00:00",43388,
"2021-01-27 00:00:00",43081,
"2021-01-28 00:00:00",42229,
"2021-01-29 00:00:00",43046,
"2021-01-30 00:00:00",46798,
"2021-01-31 00:00:00",45857,
"2021-02-01 00:00:00",40033,
"2021-02-02 00:00:00",39108,
"2021-02-03 00:00:00",37373,
"2021-02-04 00:00:00",36500,
"2021-02-05 00:00:00",35453,
"2021-02-06 00:00:00",39443,
"2021-02-07 00:00:00",38711,
"2021-02-08 00:00:00",33952,
"2021-02-09 00:00:00",33196,
"2021-02-10 00:00:00",32925,
"2021-02-11 00:00:00",29668,
"2021-02-12 00:00:00",35241,
"2021-02-13 00:00:00",40818,
"2021-02-14 00:00:00",42333,
"2021-02-15 00:00:00",40717,
"2021-02-16 00:00:00",41312,
"2021-02-17 00:00:00",37667,
"2021-02-18 00:00:00",39562,
"2021-02-19 00:00:00",40198,
"2021-02-20 00:00:00",42693,
"2021-02-21 00:00:00",42202,
"2021-02-22 00:00:00",38096,
"2021-02-23 00:00:00",37516,
"2021-02-24 00:00:00",36552,
"2021-02-25 00:00:00",35587,
"2021-02-26 00:00:00",36755,
"2021-02-27 00:00:00",39377,
"2021-02-28 00:00:00",39090,
"2021-03-01 00:00:00",33964,
"2021-03-02 00:00:00",33240,
"2021-03-03 00:00:00",33117,
"2021-03-04 00:00:00",32464,
"2021-03-05 00:00:00",34552,
"2021-03-06 00:00:00",38522,
"2021-03-07 00:00:00",37578,
"2021-03-08 00:00:00",32208,
"2021-03-09 00:00:00",31779,
"2021-03-10 00:00:00",32275,
"2021-03-11 00:00:00",32293,
"2021-03-12 00:00:00",35405,
"2021-03-13 00:00:00",40499,
"2021-03-14 00:00:00",38917,
"2021-03-15 00:00:00",33858,
"2021-03-16 00:00:00",33565,
"2021-03-17 00:00:00",32646,
"2021-03-18 00:00:00",32703,
"2021-03-19 00:00:00",34231,
"2021-03-20 00:00:00",38304,
"2021-03-21 00:00:00",37620,
"2021-03-22 00:00:00",31258,
"2021-03-23 00:00:00",31180,
"2021-03-24 00:00:00",31442,
"2021-03-25 00:00:00",30265,
"2021-03-26 00:00:00",32222,
"2021-03-27 00:00:00",36714,
"2021-03-28 00:00:00",37332,
"2021-03-29 00:00:00",32996,
"2021-03-30 00:00:00",32888,
"2021-03-31 00:00:00",32262,
"2021-04-01 00:00:00",32944,
"2021-04-02 00:00:00",36205,
"2021-04-03 00:00:00",37879,
"2021-04-04 00:00:00",38677,
"2021-04-05 00:00:00",37742,
"2021-04-06 00:00:00",34116,
"2021-04-07 00:00:00",33618,
"2021-04-08 00:00:00",33064,
"2021-04-09 00:00:00",36164,
"2021-04-10 00:00:00",40668,
"2021-04-11 00:00:00",40281,
"2021-04-12 00:00:00",33708,
"2021-04-13 00:00:00",33278,
"2021-04-14 00:00:00",34841,
"2021-04-15 00:00:00",36207,
"2021-04-16 00:00:00",40117,
"2021-04-17 00:00:00",47099,
"2021-04-18 00:00:00",47859,
"2021-04-19 00:00:00",42232,
"2021-04-20 00:00:00",42731,
"2021-04-21 00:00:00",42665,
"2021-04-22 00:00:00",41063,
"2021-04-23 00:00:00",43513,
"2021-04-24 00:00:00",44610,
"2021-04-25 00:00:00",44216,
"2021-04-26 00:00:00",38348,
"2021-04-27 00:00:00",36844,
"2021-04-28 00:00:00",35079,
"2021-04-29 00:00:00",34349,
"2021-04-30 00:00:00",35615,
"2021-05-01 00:00:00",38943,
"2021-05-02 00:00:00",40156,
"2021-05-03 00:00:00",36162,
"2021-05-04 00:00:00",36475,
"2021-05-05 00:00:00",35175,
"2021-05-06 00:00:00",34861,
"2021-05-07 00:00:00",36618,
"2021-05-08 00:00:00",40474,
"2021-05-09 00:00:00",38171,
"2021-05-10 00:00:00",33438,
"2021-05-11 00:00:00",33025,
"2021-05-12 00:00:00",32830,
"2021-05-13 00:00:00",33828,
"2021-05-14 00:00:00",33904,
"2021-05-15 00:00:00",36202,
"2021-05-16 00:00:00",35416,
"2021-05-17 00:00:00",30574,
"2021-05-18 00:00:00",30201,
"2021-05-19 00:00:00",29672,
"2021-05-20 00:00:00",28757,
"2021-05-21 00:00:00",30193,
"2021-05-22 00:00:00",32565,
"2021-05-23 00:00:00",30138,
"2021-05-24 00:00:00",29431,
"2021-05-25 00:00:00",26830,
"2021-05-26 00:00:00",25675,
"2021-05-27 00:00:00",25418,
"2021-05-28 00:00:00",29429,
"2021-05-29 00:00:00",34742,
"2021-05-30 00:00:00",35614,
"2021-05-31 00:00:00",34320,
"2021-06-01 00:00:00",33037,
"2021-06-02 00:00:00",32471,
"2021-06-03 00:00:00",32279,
"2021-06-04 00:00:00",34528,
"2021-06-05 00:00:00",37212,
"2021-06-06 00:00:00",35772,
"2021-06-07 00:00:00",31877,
"2021-06-08 00:00:00",30934,
"2021-06-09 00:00:00",29554,
"2021-06-10 00:00:00",28671,
"2021-06-11 00:00:00",29150,
"2021-06-12 00:00:00",31153,
"2021-06-13 00:00:00",31216,
"2021-06-14 00:00:00",26993,
"2021-06-15 00:00:00",26261,
"2021-06-16 00:00:00",25570,
"2021-06-17 00:00:00",25301,
"2021-06-18 00:00:00",26518,
"2021-06-19 00:00:00",28074,
"2021-06-20 00:00:00",26801,
"2021-06-21 00:00:00",24149,
"2021-06-22 00:00:00",23841,
"2021-06-23 00:00:00",22878,
"2021-06-24 00:00:00",22972,
"2021-06-25 00:00:00",26249,
"2021-06-26 00:00:00",29862,
"2021-06-27 00:00:00",30424,
"2021-06-28 00:00:00",28954,
"2021-06-29 00:00:00",29786,
"2021-06-30 00:00:00",29664,
"2021-07-01 00:00:00",29773,
"2021-07-02 00:00:00",32783,
"2021-07-03 00:00:00",36081,
"2021-07-04 00:00:00",35974,
"2021-07-05 00:00:00",34185,
"2021-07-06 00:00:00",34114,
"2021-07-07 00:00:00",33575,
"2021-07-08 00:00:00",33427,
"2021-07-09 00:00:00",32760,
"2021-07-10 00:00:00",34770,
"2021-07-11 00:00:00",34340,
"2021-07-12 00:00:00",30786,
"2021-07-13 00:00:00",30716,
"2021-07-14 00:00:00",30652,
"2021-07-15 00:00:00",29932,
"2021-07-16 00:00:00",31044,
"2021-07-17 00:00:00",32867,
"2021-07-18 00:00:00",32777,
"2021-07-19 00:00:00",30565,
"2021-07-20 00:00:00",30006,
"2021-07-21 00:00:00",28005,
"2021-07-22 00:00:00",27845,
"2021-07-23 00:00:00",28277,
"2021-07-24 00:00:00",30366,
"2021-07-25 00:00:00",30029,
"2021-07-26 00:00:00",27702,
"2021-07-27 00:00:00",27594,
"2021-07-28 00:00:00",27083,
"2021-07-29 00:00:00",26823,
"2021-07-30 00:00:00",28383,
"2021-07-31 00:00:00",29992,
"2021-08-01 00:00:00",29843,
"2021-08-02 00:00:00",28043,
"2021-08-03 00:00:00",27463,
"2021-08-04 00:00:00",27216,
"2021-08-05 00:00:00",26671,
"2021-08-06 00:00:00",27316,
"2021-08-07 00:00:00",29287,
"2021-08-08 00:00:00",29478,
"2021-08-09 00:00:00",27209,
"2021-08-10 00:00:00",26626,
"2021-08-11 00:00:00",26522,
"2021-08-12 00:00:00",26329,
"2021-08-13 00:00:00",29020,
"2021-08-14 00:00:00",32968,
"2021-08-15 00:00:00",36205,
"2021-08-16 00:00:00",34222,
"2021-08-17 00:00:00",35394,
"2021-08-18 00:00:00",35634,
"2021-08-19 00:00:00",35590,
"2021-08-20 00:00:00",36053,
"2021-08-21 00:00:00",38546,
"2021-08-22 00:00:00",38769,
"2021-08-23 00:00:00",34365,
"2021-08-24 00:00:00",33620,
"2021-08-25 00:00:00",32176,
"2021-08-26 00:00:00",31448,
"2021-08-27 00:00:00",33168,
"2021-08-28 00:00:00",35418,
"2021-08-29 00:00:00",35603,
"2021-08-30 00:00:00",31878,
"2021-08-31 00:00:00",30710,
"2021-09-01 00:00:00",28777,
"2021-09-02 00:00:00",28347,
"2021-09-03 00:00:00",29443,
"2021-09-04 00:00:00",32026,
"2021-09-05 00:00:00",31712,
"2021-09-06 00:00:00",28436,
"2021-09-07 00:00:00",28159,
"2021-09-08 00:00:00",26972,
"2021-09-09 00:00:00",26309,
"2021-09-10 00:00:00",27528,
"2021-09-11 00:00:00",29676,
"2021-09-12 00:00:00",28595,
"2021-09-13 00:00:00",25007,
"2021-09-14 00:00:00",25150,
"2021-09-15 00:00:00",24500,
"2021-09-16 00:00:00",24333,
"2021-09-17 00:00:00",25485,
"2021-09-18 00:00:00",28065,
"2021-09-19 00:00:00",29106,
"2021-09-20 00:00:00",25381,
"2021-09-21 00:00:00",24382,
"2021-09-22 00:00:00",23620,
"2021-09-23 00:00:00",23289,
"2021-09-24 00:00:00",26128,
"2021-09-25 00:00:00",27707,
"2021-09-26 00:00:00",27116,
"2021-09-27 00:00:00",23688,
"2021-09-28 00:00:00",23065,
"2021-09-29 00:00:00",22943,
"2021-09-30 00:00:00",24788,
"2021-10-01 00:00:00",27756,
"2021-10-02 00:00:00",31731,
"2021-10-03 00:00:00",32784,
"2021-10-04 00:00:00",29439,
"2021-10-05 00:00:00",28126,
"2021-10-06 00:00:00",28025,
"2021-10-07 00:00:00",26987,
"2021-10-08 00:00:00",27539,
"2021-10-09 00:00:00",30326,
"2021-10-10 00:00:00",29659,
"2021-10-11 00:00:00",25125,
"2021-10-12 00:00:00",24461,
"2021-10-13 00:00:00",23464,
"2021-10-14 00:00:00",22361,
"2021-10-15 00:00:00",24478,
"2021-10-16 00:00:00",27419,
"2021-10-17 00:00:00",26165,
"2021-10-18 00:00:00",22978,
"2021-10-19 00:00:00",23148,
"2021-10-20 00:00:00",23187,
"2021-10-21 00:00:00",22503,
"2021-10-22 00:00:00",24734,
"2021-10-23 00:00:00",27180,
"2021-10-24 00:00:00",26412,
"2021-10-25 00:00:00",23136,
"2021-10-26 00:00:00",22924,
"2021-10-27 00:00:00",22710,
"2021-10-28 00:00:00",22146,
"2021-10-29 00:00:00",24645,
"2021-10-30 00:00:00",27253,
"2021-10-31 00:00:00",27032,
"2021-11-01 00:00:00",26361,
"2021-11-02 00:00:00",25862,
"2021-11-03 00:00:00",23978,
"2021-11-04 00:00:00",23747,
"2021-11-05 00:00:00",25830,
"2021-11-06 00:00:00",25053,
"2021-11-07 00:00:00",26077,
"2021-11-08 00:00:00",22234,
"2021-11-09 00:00:00",21981,
"2021-11-10 00:00:00",21416,
"2021-11-11 00:00:00",21508,
"2021-11-12 00:00:00",22528,
"2021-11-13 00:00:00",25052,
"2021-11-14 00:00:00",23567,
"2021-11-15 00:00:00",21120,
"2021-11-16 00:00:00",20853,
"2021-11-17 00:00:00",20476,
"2021-11-18 00:00:00",20384,
"2021-11-19 00:00:00",21724,
"2021-11-20 00:00:00",23863,
"2021-11-21 00:00:00",23200,
"2021-11-22 00:00:00",20389,
"2021-11-23 00:00:00",20386,
"2021-11-24 00:00:00",19736,
"2021-11-25 00:00:00",20569,
"2021-11-26 00:00:00",22874,
"2021-11-27 00:00:00",26433,
"2021-11-28 00:00:00",26674,
"2021-11-29 00:00:00",24204,
"2021-11-30 00:00:00",25031,
"2021-12-01 00:00:00",24450,
"2021-12-02 00:00:00",24977,
"2021-12-03 00:00:00",25597,
"2021-12-04 00:00:00",27632,
"2021-12-05 00:00:00",26376,
"2021-12-06 00:00:00",23687,
"2021-12-07 00:00:00",23383,
"2021-12-08 00:00:00",22853,
"2021-12-09 00:00:00",22923,
"2021-12-10 00:00:00",24941,
"2021-12-11 00:00:00",27649,
"2021-12-12 00:00:00",27051,
"2021-12-13 00:00:00",24308,
"2021-12-14 00:00:00",24040,
"2021-12-15 00:00:00",23006,
"2021-12-16 00:00:00",22782,
"2021-12-17 00:00:00",24150,
"2021-12-18 00:00:00",25973,
"2021-12-19 00:00:00",25102,
"2021-12-20 00:00:00",22740,
"2021-12-21 00:00:00",22260,
"2021-12-22 00:00:00",22442,
"2021-12-23 00:00:00",23087,
"2021-12-24 00:00:00",24557,
"2021-12-25 00:00:00",25961,
"2021-12-26 00:00:00",26563,
"2021-12-27 00:00:00",26623,
"2021-12-28 00:00:00",26670,
"2021-12-29 00:00:00",27126,
"2021-12-30 00:00:00",27312,
"2021-12-31 00:00:00",26334,
"2022-01-01 00:00:00",28600,
"2022-01-02 00:00:00",30490,
"2022-01-03 00:00:00",28102,
"2022-01-04 00:00:00",28040,
"2022-01-05 00:00:00",27328,
"2022-01-06 00:00:00",27653,
"2022-01-07 00:00:00",28870,
"2022-01-08 00:00:00",31132,
"2022-01-09 00:00:00",30647,
"2022-01-10 00:00:00",26614,
"2022-01-11 00:00:00",26866,
"2022-01-12 00:00:00",26008,
"2022-01-13 00:00:00",24551,
"2022-01-14 00:00:00",26781,
"2022-01-15 00:00:00",29410,
"2022-01-16 00:00:00",29977,
"2022-01-17 00:00:00",26921,
"2022-01-18 00:00:00",26497,
"2022-01-19 00:00:00",26373,
"2022-01-20 00:00:00",25330,
"2022-01-21 00:00:00",25749,
"2022-01-22 00:00:00",28872,
"2022-01-23 00:00:00",29592,
"2022-01-24 00:00:00",25451,
"2022-01-25 00:00:00",24849,
"2022-01-26 00:00:00",25055,
"2022-01-27 00:00:00",23966,
"2022-01-28 00:00:00",24834,
"2022-01-29 00:00:00",27047,
"2022-01-30 00:00:00",27184,
"2022-01-31 00:00:00",21938,
"2022-02-01 00:00:00",23157,
"2022-02-02 00:00:00",23702,
"2022-02-03 00:00:00",24012,
"2022-02-04 00:00:00",24111,
"2022-02-05 00:00:00",26517,
"2022-02-06 00:00:00",27185,
"2022-02-07 00:00:00",24048,
"2022-02-08 00:00:00",24004,
"2022-02-09 00:00:00",23256,
"2022-02-10 00:00:00",23114,
"2022-02-11 00:00:00",24272,
"2022-02-12 00:00:00",25983,
"2022-02-13 00:00:00",25961,
"2022-02-14 00:00:00",22365,
"2022-02-15 00:00:00",22341,
"2022-02-16 00:00:00",21194,
"2022-02-17 00:00:00",20672,
"2022-02-18 00:00:00",21916,
"2022-02-19 00:00:00",24187,
"2022-02-20 00:00:00",23600,
"2022-02-21 00:00:00",21085,
"2022-02-22 00:00:00",21293,
"2022-02-23 00:00:00",20974,
"2022-02-24 00:00:00",19406,
"2022-02-25 00:00:00",18363,
"2022-02-26 00:00:00",19726,
"2022-02-27 00:00:00",19323,
"2022-02-28 00:00:00",17572,
"2022-03-01 00:00:00",17006,
"2022-03-02 00:00:00",16781,
"2022-03-03 00:00:00",16728,
"2022-03-04 00:00:00",17540,
"2022-03-05 00:00:00",18967,
"2022-03-06 00:00:00",17934,
"2022-03-07 00:00:00",16086,
"2022-03-08 00:00:00",16026,
"2022-03-09 00:00:00",16012,
"2022-03-10 00:00:00",15920,
"2022-03-11 00:00:00",17483,
"2022-03-12 00:00:00",19230,
"2022-03-13 00:00:00",18484,
"2022-03-14 00:00:00",16067,
"2022-03-15 00:00:00",19495,
"2022-03-16 00:00:00",23192,
"2022-03-17 00:00:00",25181,
"2022-03-18 00:00:00",28237,
"2022-03-19 00:00:00",32403,
"2022-03-20 00:00:00",33413,
"2022-03-21 00:00:00",31641,
"2022-03-22 00:00:00",31696,
"2022-03-23 00:00:00",30385,
"2022-03-24 00:00:00",29835,
"2022-03-25 00:00:00",30427,
"2022-03-26 00:00:00",31665,
"2022-03-27 00:00:00",30646,
"2022-03-28 00:00:00",27346,
"2022-03-29 00:00:00",27112,
"2022-03-30 00:00:00",25965,
"2022-03-31 00:00:00",25334,
"2022-04-01 00:00:00",25546,
"2022-04-02 00:00:00",27406,
"2022-04-03 00:00:00",27524,
"2022-04-04 00:00:00",25018,
"2022-04-05 00:00:00",24655,
"2022-04-06 00:00:00",23887,
"2022-04-07 00:00:00",23260,
"2022-04-08 00:00:00",25342,
"2022-04-09 00:00:00",27167,
"2022-04-10 00:00:00",26089,
"2022-04-11 00:00:00",24235,
"2022-04-12 00:00:00",24279,
"2022-04-13 00:00:00",23997,
"2022-04-14 00:00:00",23953,
"2022-04-15 00:00:00",26549,
"2022-04-16 00:00:00",27537,
"2022-04-17 00:00:00",26144,
"2022-04-18 00:00:00",25509,
"2022-04-19 00:00:00",24284,
"2022-04-20 00:00:00",23813,
"2022-04-21 00:00:00",23343,
"2022-04-22 00:00:00",24561,
"2022-04-23 00:00:00",25086,
"2022-04-24 00:00:00",24567,
"2022-04-25 00:00:00",22450,
"2022-04-26 00:00:00",22071,
"2022-04-27 00:00:00",21617,
"2022-04-28 00:00:00",22660,
"2022-04-29 00:00:00",25032,
"2022-04-30 00:00:00",28815,
"2022-05-01 00:00:00",29492,
"2022-05-02 00:00:00",29298,
"2022-05-03 00:00:00",29660,
"2022-05-04 00:00:00",27997,
"2022-05-05 00:00:00",29922,
"2022-05-06 00:00:00",29891,
"2022-05-07 00:00:00",33249,
"2022-05-08 00:00:00",33375,
"2022-05-09 00:00:00",30576,
"2022-05-10 00:00:00",30494,
"2022-05-11 00:00:00",31841,
"2022-05-12 00:00:00",30664,
"2022-05-13 00:00:00",30608,
"2022-05-14 00:00:00",32109,
"2022-05-15 00:00:00",29986,
"2022-05-16 00:00:00",29066,
"2022-05-17 00:00:00",28937,
"2022-05-18 00:00:00",28530,
"2022-05-19 00:00:00",26853,
"2022-05-20 00:00:00",26230,
"2022-05-21 00:00:00",27842,
"2022-05-22 00:00:00",26793,
"2022-05-23 00:00:00",25195,
"2022-05-24 00:00:00",24041,
"2022-05-25 00:00:00",24353,
"2022-05-26 00:00:00",25218,
"2022-05-27 00:00:00",26493,
"2022-05-28 00:00:00",27360,
"2022-05-29 00:00:00",25870,
"2022-05-30 00:00:00",24119,
"2022-05-31 00:00:00",23379,
"2022-06-01 00:00:00",22745,
"2022-06-02 00:00:00",23164,
"2022-06-03 00:00:00",24402,
"2022-06-04 00:00:00",25593,
"2022-06-05 00:00:00",25319,
"2022-06-06 00:00:00",24051,
"2022-06-07 00:00:00",23139,
"2022-06-08 00:00:00",23092,
"2022-06-09 00:00:00",22891,
"2022-06-10 00:00:00",25400,
"2022-06-11 00:00:00",28537,
"2022-06-12 00:00:00",27890,
"2022-06-13 00:00:00",26103,
"2022-06-14 00:00:00",27389,
"2022-06-15 00:00:00",27569,
"2022-06-16 00:00:00",28841,
"2022-06-17 00:00:00",31232,
"2022-06-18 00:00:00",32818,
"2022-06-19 00:00:00",33205,
"2022-06-20 00:00:00",32125,
"2022-06-21 00:00:00",32150,
"2022-06-22 00:00:00",31263,
"2022-06-23 00:00:00",30710,
"2022-06-24 00:00:00",31606,
"2022-06-25 00:00:00",32625,
"2022-06-26 00:00:00",31907,
"2022-06-27 00:00:00",30179,
"2022-06-28 00:00:00",29891,
"2022-06-29 00:00:00",28855,
"2022-06-30 00:00:00",28011,
"2022-07-01 00:00:00",29609,
"2022-07-02 00:00:00",31680,
"2022-07-03 00:00:00",31595,
"2022-07-04 00:00:00",30252,
"2022-07-05 00:00:00",29815,
"2022-07-06 00:00:00",29857,
"2022-07-07 00:00:00",30288,
"2022-07-08 00:00:00",30592,
"2022-07-09 00:00:00",32118,
"2022-07-10 00:00:00",32523,
"2022-07-11 00:00:00",29819,
"2022-07-12 00:00:00",29763,
"2022-07-13 00:00:00",28559,
"2022-07-14 00:00:00",28437,
"2022-07-15 00:00:00",27838,
"2022-07-16 00:00:00",28948,
"2022-07-17 00:00:00",29043,
"2022-07-18 00:00:00",26745,
"2022-07-19 00:00:00",26721,
"2022-07-20 00:00:00",26126,
"2022-07-21 00:00:00",25702,
"2022-07-22 00:00:00",25941,
"2022-07-23 00:00:00",27541,
"2022-07-24 00:00:00",27347,
"2022-07-25 00:00:00",24867,
"2022-07-26 00:00:00",24718,
"2022-07-27 00:00:00",24430,
"2022-07-28 00:00:00",24323,
"2022-07-29 00:00:00",25162,
"2022-07-30 00:00:00",26120,
"2022-07-31 00:00:00",25985,
"2022-08-01 00:00:00",24048,
"2022-08-02 00:00:00",24081,
"2022-08-03 00:00:00",23301,
"2022-08-04 00:00:00",23829,
"2022-08-05 00:00:00",26356,
"2022-08-06 00:00:00",27973,
"2022-08-07 00:00:00",29435,
"2022-08-08 00:00:00",28750,
"2022-08-09 00:00:00",28975,
"2022-08-10 00:00:00",26481,
"2022-08-11 00:00:00",25994,
"2022-08-12 00:00:00",27119,
"2022-08-13 00:00:00",28352,
"2022-08-14 00:00:00",28714,
"2022-08-15 00:00:00",28255,
"2022-08-16 00:00:00",28448,
"2022-08-17 00:00:00",27785,
"2022-08-18 00:00:00",27203,
"2022-08-19 00:00:00",26771,
"2022-08-20 00:00:00",28363,
"2022-08-21 00:00:00",27695,
"2022-08-22 00:00:00",25436,
"2022-08-23 00:00:00",25397,
"2022-08-24 00:00:00",23135,
"2022-08-25 00:00:00",22538,
"2022-08-26 00:00:00",23228,
"2022-08-27 00:00:00",24333,
"2022-08-28 00:00:00",24558,
"2022-08-29 00:00:00",22441,
"2022-08-30 00:00:00",22492,
"2022-08-31 00:00:00",21686,
"2022-09-01 00:00:00",20908,
"2022-09-02 00:00:00",22351,
"2022-09-03 00:00:00",24237,
"2022-09-04 00:00:00",23406,
"2022-09-05 00:00:00",22047,
"2022-09-06 00:00:00",21367,
"2022-09-07 00:00:00",20748,
"2022-09-08 00:00:00",20619,
"2022-09-09 00:00:00",21147,
"2022-09-10 00:00:00",22166,
"2022-09-11 00:00:00",22699,
"2022-09-12 00:00:00",20228,
"2022-09-13 00:00:00",19701,
"2022-09-14 00:00:00",19718,
"2022-09-15 00:00:00",18796,
"2022-09-16 00:00:00",19438,
"2022-09-17 00:00:00",21306,
"2022-09-18 00:00:00",21121,
"2022-09-19 00:00:00",18733,
"2022-09-20 00:00:00",19395,
"2022-09-21 00:00:00",19362,
"2022-09-22 00:00:00",19553,
"2022-09-23 00:00:00",21754,11131
"2022-09-24 00:00:00",24170,14001
"2022-09-25 00:00:00",23686,14087
"2022-09-26 00:00:00",21532,10741
"2022-09-27 00:00:00",21530,10572
"2022-09-28 00:00:00",21051,10469
"2022-09-29 00:00:00",20602,10258
"2022-09-30 00:00:00",22329,11929
"2022-10-01 00:00:00",24421,15085
"2022-10-02 00:00:00",25438,15872
"2022-10-03 00:00:00",23542,13804
"2022-10-04 00:00:00",22721,12478
"2022-10-05 00:00:00",21452,11562
"2022-10-06 00:00:00",20609,11295
"2022-10-07 00:00:00",20952,11568
"2022-10-08 00:00:00",21897,12025
"2022-10-09 00:00:00",22109,12275
"2022-10-10 00:00:00",19518,10288
"2022-10-11 00:00:00",19074,9272
"2022-10-12 00:00:00",18982,9345
"2022-10-13 00:00:00",18556,9128
"2022-10-14 00:00:00",19436,9816
"2022-10-15 00:00:00",20981,12162
"2022-10-16 00:00:00",20261,11930
"2022-10-17 00:00:00",17954,8756
"2022-10-18 00:00:00",18209,8763
"2022-10-19 00:00:00",17994,8649
"2022-10-20 00:00:00",17973,8608
"2022-10-21 00:00:00",19282,9700
"2022-10-22 00:00:00",20657,11936
"2022-10-23 00:00:00",20009,11810
"2022-10-24 00:00:00",18177,8916
"2022-10-25 00:00:00",18262,8773
"2022-10-26 00:00:00",17687,8612
"2022-10-27 00:00:00",17110,8458
"2022-10-28 00:00:00",18407,9272
"2022-10-29 00:00:00",19609,11386
"2022-10-30 00:00:00",18624,11297
"2022-10-31 00:00:00",17190,8558
"2022-11-01 00:00:00",17162,8562
"2022-11-02 00:00:00",16062,8118
"2022-11-03 00:00:00",16168,8336
"2022-11-04 00:00:00",17406,9095
"2022-11-05 00:00:00",18677,10926
"2022-11-06 00:00:00",17649,10789
"2022-11-07 00:00:00",15917,8083
"2022-11-08 00:00:00",16223,8062
"2022-11-09 00:00:00",16126,8103
"2022-11-10 00:00:00",16110,8137
"2022-11-11 00:00:00",18688,9795
"2022-11-12 00:00:00",21474,12868
"2022-11-13 00:00:00",22111,13386
"2022-11-14 00:00:00",20920,10493
"2022-11-15 00:00:00",21272,10755
"2022-11-16 00:00:00",21493,10776
"2022-11-17 00:00:00",21117,10668
"2022-11-18 00:00:00",22434,11846
"2022-11-19 00:00:00",24931,14708
"2022-11-20 00:00:00",24954,15064
"2022-11-21 00:00:00",22970,11783
"2022-11-22 00:00:00",24381,12167
"2022-11-23 00:00:00",22713,12178
"2022-11-24 00:00:00",22047,11975
"2022-11-25 00:00:00",23976,13121
"2022-11-26 00:00:00",26192,15957
"2022-11-27 00:00:00",26042,15846
"2022-11-28 00:00:00",23728,12840
"2022-11-29 00:00:00",23907,12618
"2022-11-30 00:00:00",24073,12640
"2022-12-01 00:00:00",23229,12028
"2022-12-02 00:00:00",24333,12923
"2022-12-03 00:00:00",25802,15366
"2022-12-04 00:00:00",25201,15089
"2022-12-05 00:00:00",22801,11990
"2022-12-06 00:00:00",28159,13459
"2022-12-07 00:00:00",20798,10796
"2022-12-08 00:00:00",19949,10451
"2022-12-09 00:00:00",20214,10624
"2022-12-10 00:00:00",21813,12703
"2022-12-11 00:00:00",20668,12734
"2022-12-12 00:00:00",19099,10212
"2022-12-13 00:00:00",19111,10102
"2022-12-14 00:00:00",18452,9810
"2022-12-15 00:00:00",17412,9557
"2022-12-16 00:00:00",18318,10327
"2022-12-17 00:00:00",19996,12105
"2022-12-18 00:00:00",19355,11955
"2022-12-19 00:00:00",17714,9998
"2022-12-20 00:00:00",17401,9995
"2022-12-21 00:00:00",17338,10002
"2022-12-22 00:00:00",16994,10048
"2022-12-23 00:00:00",18709,11157
"2022-12-24 00:00:00",19199,12160
"2022-12-25 00:00:00",19410,12401
"2022-12-26 00:00:00",20745,12395
"2022-12-27 00:00:00",21043,12731
"2022-12-28 00:00:00",21998,13122
"2022-12-29 00:00:00",22136,13512
"2022-12-30 00:00:00",23256,14296
"2022-12-31 00:00:00",22720,14785
"2023-01-01 00:00:00",23912,15482
"2023-01-02 00:00:00",25064,15962
"2023-01-03 00:00:00",24893,14605
"2023-01-04 00:00:00",25237,14537
"2023-01-05 00:00:00",25391,14567
"2023-01-06 00:00:00",26066,15169
"2023-01-07 00:00:00",27155,17054
"2023-01-08 00:00:00",27781,17599
"2023-01-09 00:00:00",24911,14507
"2023-01-10 00:00:00",24791,14065
"2023-01-11 00:00:00",24534,13787
"2023-01-12 00:00:00",23477,13500
"2023-01-13 00:00:00",24415,14434
"2023-01-14 00:00:00",26460,16651
"2023-01-15 00:00:00",27071,17167
"2023-01-16 00:00:00",23805,14214
"2023-01-17 00:00:00",23341,13588
"2023-01-18 00:00:00",22404,13141
"2023-01-19 00:00:00",21802,12959
"2023-01-20 00:00:00",22155,13676
"2023-01-21 00:00:00",24027,15550
"2023-01-22 00:00:00",26281,16907
"2023-01-23 00:00:00",24138,15196
"2023-01-24 00:00:00",25235,15748
"2023-01-25 00:00:00",26111,15965
"2023-01-26 00:00:00",26707,16257
"2023-01-27 00:00:00",27855,17051
"2023-01-28 00:00:00",31045,19106
"2023-01-29 00:00:00",31861,19644
"2023-01-30 00:00:00",29520,16917
"2023-01-31 00:00:00",30124,17072
"2023-02-01 00:00:00",29633,16721
"2023-02-02 00:00:00",29623,16605
"2023-02-03 00:00:00",30143,17072
"2023-02-04 00:00:00",32195,19714
"2023-02-05 00:00:00",32371,19876
"2023-02-06 00:00:00",28537,15780
"2023-02-07 00:00:00",26397,14389
"2023-02-08 00:00:00",25820,13935
"2023-02-09 00:00:00",25797,13853
"2023-02-10 00:00:00",26821,14671
"2023-02-11 00:00:00",28486,17066
"2023-02-12 00:00:00",28449,17315
"2023-02-13 00:00:00",25794,13613
"2023-02-14 00:00:00",25036,12984
"2023-02-15 00:00:00",25140,12839
"2023-02-16 00:00:00",25158,12943
"2023-02-17 00:00:00",26531,14159
"2023-02-18 00:00:00",29234,17217
"2023-02-19 00:00:00",29446,17900
"2023-02-20 00:00:00",27528,14365
"2023-02-21 00:00:00",27142,13888
"2023-02-22 00:00:00",27326,13784
"2023-02-23 00:00:00",27107,13911
"2023-02-24 00:00:00",26670,14218
"2023-02-25 00:00:00",29051,17048
"2023-02-26 00:00:00",29007,17359
"2023-02-27 00:00:00",26553,13185
"2023-02-28 00:00:00",26810,13080
"2023-03-01 00:00:00",25785,12560
"2023-03-02 00:00:00",25513,12313
"2023-03-03 00:00:00",26788,13407
"2023-03-04 00:00:00",31039,17621
"2023-03-05 00:00:00",32626,18974
"2023-03-06 00:00:00",31524,14755
"2023-03-07 00:00:00",33394,15104
"2023-03-08 00:00:00",35237,16093
"2023-03-09 00:00:00",36804,16767
"2023-03-10 00:00:00",40814,19710
"2023-03-11 00:00:00",45218,25423
"2023-03-12 00:00:00",46756,26379
"2023-03-13 00:00:00",45754,20215
"2023-03-14 00:00:00",46419,20345
"2023-03-15 00:00:00",47164,20842
"2023-03-16 00:00:00",47262,20775
"2023-03-17 00:00:00",49514,23494
"2023-03-18 00:00:00",52911,29365
"2023-03-19 00:00:00",52620,29176
"2023-03-20 00:00:00",51566,22361
"2023-03-21 00:00:00",50621,22207
"2023-03-22 00:00:00",50894,22427
"2023-03-23 00:00:00",50813,22141
"2023-03-24 00:00:00",51264,23875
"2023-03-25 00:00:00",52616,28526
"2023-03-26 00:00:00",51181,27638
"2023-03-27 00:00:00",49076,20465
"2023-03-28 00:00:00",47938,20261
"2023-03-29 00:00:00",46746,19873
"2023-03-30 00:00:00",45871,19496
"2023-03-31 00:00:00",46108,21155
"2023-04-01 00:00:00",46382,25096
"2023-04-02 00:00:00",45345,24362
"2023-04-03 00:00:00",44782,19006
"2023-04-04 00:00:00",47089,20944
"2023-04-05 00:00:00",43201,23277
"2023-04-06 00:00:00",42082,18313
"2023-04-07 00:00:00",45603,20969
"2023-04-08 00:00:00",45263,24124
"2023-04-09 00:00:00",42618,23106
"2023-04-10 00:00:00",41653,17639
"2023-04-11 00:00:00",40545,16793
"2023-04-12 00:00:00",39107,16286
"2023-04-13 00:00:00",37637,15898
"2023-04-14 00:00:00",39895,17919
"2023-04-15 00:00:00",40292,21650
"2023-04-16 00:00:00",37923,20780
"2023-04-17 00:00:00",35664,15156
"2023-04-18 00:00:00",36036,15193
"2023-04-19 00:00:00",34688,15071
"2023-04-20 00:00:00",32439,14145
"2023-04-21 00:00:00",35876,16374
"2023-04-22 00:00:00",35166,19180
"2023-04-23 00:00:00",35486,17261
"2023-04-24 00:00:00",33155,14287
"2023-04-25 00:00:00",33740,14603
"2023-04-26 00:00:00",29701,13034
"2023-04-27 00:00:00",29343,12957
"2023-04-28 00:00:00",29538,14089
"2023-04-29 00:00:00",29972,17165
"2023-04-30 00:00:00",30150,17713
"2023-05-01 00:00:00",29373,16712
"2023-05-02 00:00:00",27945,15436
"2023-05-03 00:00:00",28472,14996
"2023-05-04 00:00:00",30958,14050
"2023-05-05 00:00:00",32672,15670
"2023-05-06 00:00:00",36623,18280
"2023-05-07 00:00:00",35659,19965
"2023-05-08 00:00:00",33552,14657
"2023-05-09 00:00:00",32390,14194
"2023-05-10 00:00:00",31615,13895
"2023-05-11 00:00:00",30303,13581
"2023-05-12 00:00:00",31737,14920
"2023-05-13 00:00:00",32506,18103
"2023-05-14 00:00:00",31093,17431
"2023-05-15 00:00:00",28726,12834
"2023-05-16 00:00:00",28611,12751
"2023-05-17 00:00:00",28276,12820
"2023-05-18 00:00:00",27947,12655
"2023-05-19 00:00:00",29228,13941
"2023-05-20 00:00:00",29504,16696
"2023-05-21 00:00:00",28335,16243
"2023-05-22 00:00:00",26905,12127
"2023-05-23 00:00:00",26459,11941
"2023-05-24 00:00:00",26432,11779
"2023-05-25 00:00:00",25602,11672
"2023-05-26 00:00:00",27116,12941
"2023-05-27 00:00:00",28339,15631
"2023-05-28 00:00:00",27448,15539
"2023-05-29 00:00:00",26743,12577
"2023-05-30 00:00:00",25386,11673
"2023-05-31 00:00:00",24824,11418
"2023-06-01 00:00:00",23683,11099
"2023-06-02 00:00:00",25929,12436
"2023-06-03 00:00:00",26424,14937
"2023-06-04 00:00:00",26128,14716
"2023-06-05 00:00:00",24832,11630
"2023-06-06 00:00:00",24733,11690
"2023-06-07 00:00:00",25245,11828
"2023-06-08 00:00:00",26572,12517
"2023-06-09 00:00:00",28824,14168
"2023-06-10 00:00:00",30900,17248
"2023-06-11 00:00:00",31081,17651
"2023-06-12 00:00:00",29921,14227
"2023-06-13 00:00:00",30486,14064
"2023-06-14 00:00:00",29708,14129
"2023-06-15 00:00:00",28949,13921
"2023-06-16 00:00:00",30384,15116
"2023-06-17 00:00:00",32413,18010
"2023-06-18 00:00:00",31471,17994
"2023-06-19 00:00:00",30059,14867
"2023-06-20 00:00:00",30536,14927
"2023-06-21 00:00:00",30671,15533
"2023-06-22 00:00:00",29574,16536
"2023-06-23 00:00:00",29518,16444
"2023-06-24 00:00:00",29502,16870
"2023-06-25 00:00:00",29432,16184
"2023-06-26 00:00:00",27882,13825
"2023-06-27 00:00:00",27005,13404
"2023-06-28 00:00:00",25960,13038
"2023-06-29 00:00:00",25533,12923
"2023-06-30 00:00:00",27027,14032
"2023-07-01 00:00:00",28841,16458
"2023-07-02 00:00:00",29294,17059
"2023-07-03 00:00:00",27806,14469
"2023-07-04 00:00:00",28228,14798
"2023-07-05 00:00:00",27758,14262
"2023-07-06 00:00:00",27179,14152
"2023-07-07 00:00:00",28721,15083
"2023-07-08 00:00:00",30465,17633
"2023-07-09 00:00:00",30711,18310
"2023-07-10 00:00:00",29090,15158
"2023-07-11 00:00:00",29518,15211
"2023-07-12 00:00:00",29153,15218
"2023-07-13 00:00:00",29123,15166
"2023-07-14 00:00:00",29211,15336
"2023-07-15 00:00:00",29953,17464
"2023-07-16 00:00:00",30047,17854
"2023-07-17 00:00:00",28334,15026
"2023-07-18 00:00:00",28116,14483
"2023-07-19 00:00:00",26475,13866
"2023-07-20 00:00:00",25471,13239
"2023-07-21 00:00:00",25509,13425
"2023-07-22 00:00:00",26612,15290
"2023-07-23 00:00:00",26474,15645
"2023-07-24 00:00:00",24963,13028
"2023-07-25 00:00:00",24941,13018
"2023-07-26 00:00:00",25269,13108
"2023-07-27 00:00:00",25775,13577
"2023-07-28 00:00:00",27185,14636
"2023-07-29 00:00:00",28964,16621
"2023-07-30 00:00:00",29029,17213
"2023-07-31 00:00:00",27898,14758
"2023-08-01 00:00:00",27412,14639
"2023-08-02 00:00:00",27189,14491
"2023-08-03 00:00:00",26926,14198
"2023-08-04 00:00:00",26749,14516
"2023-08-05 00:00:00",27920,16411
"2023-08-06 00:00:00",28978,17140
"2023-08-07 00:00:00",27797,14608
"2023-08-08 00:00:00",26977,14219
"2023-08-09 00:00:00",26246,13734
"2023-08-10 00:00:00",25421,13424
"2023-08-11 00:00:00",25366,13729
"2023-08-12 00:00:00",25951,15238
"2023-08-13 00:00:00",26404,15743
"2023-08-14 00:00:00",25494,13512
"2023-08-15 00:00:00",25034,13279
"2023-08-16 00:00:00",23342,12384
"2023-08-17 00:00:00",23061,11963
"2023-08-18 00:00:00",22941,12122
"2023-08-19 00:00:00",24145,13760
"2023-08-20 00:00:00",24301,14128
"2023-08-21 00:00:00",23071,11723
"2023-08-22 00:00:00",23090,11483
"2023-08-23 00:00:00",23077,11528
"2023-08-24 00:00:00",22722,11326
"2023-08-25 00:00:00",22991,11841
"2023-08-26 00:00:00",24342,13774
"2023-08-27 00:00:00",24682,14225
"2023-08-28 00:00:00",23419,11444
"2023-08-29 00:00:00",23381,11349
"2023-08-30 00:00:00",22650,11046
"2023-08-31 00:00:00",21819,10695
"2023-09-01 00:00:00",22960,11434
"2023-09-02 00:00:00",24518,13707
"2023-09-03 00:00:00",24515,13862
"2023-09-04 00:00:00",23388,10913
"2023-09-05 00:00:00",22832,10428
"2023-09-06 00:00:00",22340,10193
"2023-09-07 00:00:00",22464,10222
"2023-09-08 00:00:00",23717,11339
"2023-09-09 00:00:00",25482,14009
"2023-09-10 00:00:00",24936,14069
"2023-09-11 00:00:00",23083,10418
"2023-09-12 00:00:00",24217,10832
"2023-09-13 00:00:00",25185,11407
"2023-09-14 00:00:00",25737,11805
"2023-09-15 00:00:00",27531,13315
"2023-09-16 00:00:00",31281,17527
"2023-09-17 00:00:00",32315,18943
"2023-09-18 00:00:00",31408,14885
"2023-09-19 00:00:00",31561,14617
"2023-09-20 00:00:00",31298,14765
"2023-09-21 00:00:00",31525,14934
"2023-09-22 00:00:00",34886,17210
"2023-09-23 00:00:00",38481,22357
"2023-09-24 00:00:00",39301,23193
"2023-09-25 00:00:00",36168,17281
"2023-09-26 00:00:00",35766,17162
"2023-09-27 00:00:00",34271,16661
"2023-09-28 00:00:00",31885,16695
"2023-09-29 00:00:00",31948,18569
"2023-09-30 00:00:00",35386,21754
"2023-10-01 00:00:00",36485,22604
"2023-10-02 00:00:00",33211,19248
"2023-10-03 00:00:00",33184,19067
"2023-10-04 00:00:00",33322,18389
"2023-10-05 00:00:00",33909,18626
"2023-10-06 00:00:00",35237,19054
"2023-10-07 00:00:00",39551,21313
"2023-10-08 00:00:00",40442,22354
"2023-10-09 00:00:00",36720,19252
"2023-10-10 00:00:00",36170,17162
"2023-10-11 00:00:00",34770,16452
"2023-10-12 00:00:00",35065,16416
"2023-10-13 00:00:00",36211,17949
"2023-10-14 00:00:00",39775,22488
"2023-10-15 00:00:00",37860,22178
"2023-10-16 00:00:00",33902,15916
"2023-10-17 00:00:00",32835,15320
"2023-10-18 00:00:00",33693,15700
"2023-10-19 00:00:00",33155,15592
"2023-10-20 00:00:00",35022,17411
"2023-10-21 00:00:00",37921,21888
"2023-10-22 00:00:00",36788,21702
"2023-10-23 00:00:00",33699,15946
"2023-10-24 00:00:00",33606,15779
"2023-10-25 00:00:00",33349,15776
"2023-10-26 00:00:00",34425,16173
"2023-10-27 00:00:00",37577,18713
"2023-10-28 00:00:00",41818,24441
"2023-10-29 00:00:00",43555,25811
"2023-10-30 00:00:00",40677,19570
"2023-10-31 00:00:00",40756,19318
"2023-11-01 00:00:00",41120,19669
"2023-11-02 00:00:00",41572,20154
"2023-11-03 00:00:00",42711,22620
"2023-11-04 00:00:00",46863,27606
"2023-11-05 00:00:00",46764,28046
"2023-11-06 00:00:00",43447,20886
"2023-11-07 00:00:00",43312,20743
"2023-11-08 00:00:00",40855,19640
"2023-11-09 00:00:00",40889,19402
"2023-11-10 00:00:00",41696,21210
"2023-11-11 00:00:00",45114,26128
"2023-11-12 00:00:00",43622,25952
"2023-11-13 00:00:00",39191,18937
"2023-11-14 00:00:00",38861,18486
"2023-11-15 00:00:00",37010,17699
"2023-11-16 00:00:00",37000,17611
"2023-11-17 00:00:00",39580,19822
"2023-11-18 00:00:00",42938,24878
"2023-11-19 00:00:00",40602,23980
"2023-11-20 00:00:00",37054,17860
"2023-11-21 00:00:00",36213,17361
"2023-11-22 00:00:00",38353,18399
"2023-11-23 00:00:00",40076,20099
"2023-11-24 00:00:00",42434,21775
"2023-11-25 00:00:00",46209,27447
"2023-11-26 00:00:00",46750,27994
"2023-11-27 00:00:00",43429,20901
"2023-11-28 00:00:00",44900,21256
"2023-11-29 00:00:00",45225,21433
"2023-11-30 00:00:00",44811,20985
"2023-12-01 00:00:00",46362,22878
"2023-12-02 00:00:00",49685,28532
"2023-12-03 00:00:00",48907,28243
"2023-12-04 00:00:00",45243,21051
"2023-12-05 00:00:00",43996,20438
"2023-12-06 00:00:00",43042,20059
"2023-12-07 00:00:00",41878,19427
"2023-12-08 00:00:00",51122,24315
"2023-12-09 00:00:00",61883,35262
"2023-12-10 00:00:00",68020,39402
"2023-12-11 00:00:00",68480,32336
"2023-12-12 00:00:00",73548,34549
"2023-12-13 00:00:00",77902,36541
"2023-12-14 00:00:00",79760,37583
"2023-12-15 00:00:00",84276,42507
"2023-12-16 00:00:00",94345,53950
"2023-12-17 00:00:00",97006,56777
"2023-12-18 00:00:00",94680,45471
"2023-12-19 00:00:00",97972,46873
"2023-12-20 00:00:00",97719,47198
"2023-12-21 00:00:00",99174,48386
"2023-12-22 00:00:00",104021,53825
"2023-12-23 00:00:00",113854,65610
"2023-12-24 00:00:00",112226,64928
"2023-12-25 00:00:00",113875,56718
"2023-12-26 00:00:00",121023,60234
"2023-12-27 00:00:00",118461,60286
"2023-12-28 00:00:00",121528,63009
"2023-12-29 00:00:00",124644,69449
"2023-12-30 00:00:00",129009,79794
"2023-12-31 00:00:00",121309,80583
"2024-01-01 00:00:00",131964,82681
"2024-01-02 00:00:00",138148,78953
"2024-01-03 00:00:00",144195,81777
"2024-01-04 00:00:00",147961,83780
"2024-01-05 00:00:00",154807,88670
"2024-01-06 00:00:00",163267,104255
"2024-01-07 00:00:00",162404,106355
"2024-01-08 00:00:00",144462,85335
"2024-01-09 00:00:00",144399,80652
"2024-01-10 00:00:00",138252,77568
"2024-01-11 00:00:00",135682,76373
"2024-01-12 00:00:00",143555,82721
"2024-01-13 00:00:00",157877,101752
"2024-01-14 00:00:00",154828,102920
"2024-01-15 00:00:00",139810,81884
"2024-01-16 00:00:00",135130,77934
"2024-01-17 00:00:00",133931,75353
"2024-01-18 00:00:00",129263,73279
"2024-01-19 00:00:00",127108,73782
"2024-01-20 00:00:00",132205,84322
"2024-01-21 00:00:00",124313,81028
"2024-01-22 00:00:00",105411,59554
"2024-01-23 00:00:00",100902,56221
"2024-01-24 00:00:00",96092,53569
"2024-01-25 00:00:00",96053,53078
"2024-01-26 00:00:00",100234,57010
"2024-01-27 00:00:00",110514,69044
"2024-01-28 00:00:00",112091,71471
"2024-01-29 00:00:00",102360,56992
"2024-01-30 00:00:00",103715,56718
"2024-01-31 00:00:00",99752,54951
"2024-02-01 00:00:00",92754,51991
"2024-02-02 00:00:00",94608,53471
"2024-02-03 00:00:00",101098,62451
"2024-02-04 00:00:00",100221,62265
"2024-02-05 00:00:00",89699,50702
"2024-02-06 00:00:00",85161,48185
"2024-02-07 00:00:00",81105,46582
"2024-02-08 00:00:00",78533,45456
"2024-02-09 00:00:00",76268,45984
"2024-02-10 00:00:00",83355,52160
"2024-02-11 00:00:00",84346,52741
"2024-02-12 00:00:00",75862,47347
"2024-02-13 00:00:00",75464,44210
"2024-02-14 00:00:00",71104,41372
"2024-02-15 00:00:00",72014,41066
"2024-02-16 00:00:00",75966,43841
"2024-02-17 00:00:00",83328,50533
"2024-02-18 00:00:00",83727,50143
"2024-02-19 00:00:00",75703,41637
"2024-02-20 00:00:00",74624,39877
"2024-02-21 00:00:00",73481,38956
"2024-02-22 00:00:00",71347,37789
"2024-02-23 00:00:00",73801,40913
"2024-02-24 00:00:00",75297,44568
"2024-02-25 00:00:00",75358,44125
"2024-02-26 00:00:00",68939,33299
"2024-02-27 00:00:00",67395,32929
"2024-02-28 00:00:00",67704,32583
"2024-02-29 00:00:00",65718,31120
"2024-03-01 00:00:00",73701,36254
"2024-03-02 00:00:00",85752,48951
"2024-03-03 00:00:00",88930,51107
"2024-03-04 00:00:00",87249,39578
"2024-03-05 00:00:00",91056,41093
"2024-03-06 00:00:00",90870,41544
"2024-03-07 00:00:00",92493,42068
"2024-03-08 00:00:00",100312,48349
"2024-03-09 00:00:00",108212,61706
"2024-03-10 00:00:00",108815,62447
"2024-03-11 00:00:00",104738,47217
"2024-03-12 00:00:00",107279,47592
"2024-03-13 00:00:00",105767,47603
"2024-03-14 00:00:00",104414,47071
"2024-03-15 00:00:00",109379,52744
"2024-03-16 00:00:00",116621,66182
"2024-03-17 00:00:00",116997,66896
"2024-03-18 00:00:00",112919,50336
"2024-03-19 00:00:00",115167,51266
"2024-03-20 00:00:00",113575,53582
"2024-03-21 00:00:00",110063,49129
"2024-03-22 00:00:00",111848,52929
"2024-03-23 00:00:00",117725,66135
"2024-03-24 00:00:00",112700,63732
"2024-03-25 00:00:00",105862,46912
"2024-03-26 00:00:00",105882,46313
"2024-03-27 00:00:00",98411,43203
"2024-03-28 00:00:00",96520,42759
"2024-03-29 00:00:00",98815,46852
"2024-03-30 00:00:00",101019,55647
"2024-03-31 00:00:00",96265,53643
"2024-04-01 00:00:00",93205,40167
"2024-04-02 00:00:00",90649,38977
"2024-04-03 00:00:00",90591,41267
"2024-04-04 00:00:00",88636,45684
"2024-04-05 00:00:00",92637,47565
"2024-04-06 00:00:00",97199,52653
"2024-04-07 00:00:00",97114,48802
"2024-04-08 00:00:00",91122,38624
"2024-04-09 00:00:00",90514,38044
"2024-04-10 00:00:00",87327,37576
"2024-04-11 00:00:00",82378,35531
"2024-04-12 00:00:00",87714,39863
"2024-04-13 00:00:00",93130,50682
"2024-04-14 00:00:00",86655,48343
"2024-04-15 00:00:00",81091,33909
"2024-04-16 00:00:00",87141,35840
"2024-04-17 00:00:00",89896,37693
"2024-04-18 00:00:00",91816,38687
"2024-04-19 00:00:00",96841,44293
"2024-04-20 00:00:00",106372,57826
"2024-04-21 00:00:00",104483,57577
"2024-04-22 00:00:00",99472,41387
"2024-04-23 00:00:00",101267,41710
"2024-04-24 00:00:00",94119,38933
"2024-04-25 00:00:00",94030,39948
"2024-04-26 00:00:00",95102,43127
"2024-04-27 00:00:00",96891,53072
"2024-04-28 00:00:00",99317,50505
"2024-04-29 00:00:00",94075,44841
"2024-04-30 00:00:00",91341,43560
"2024-05-01 00:00:00",86854,46545
"2024-05-02 00:00:00",82646,42766
"2024-05-03 00:00:00",84613,45621
"2024-05-04 00:00:00",88074,49134
"2024-05-05 00:00:00",89348,48259
"2024-05-06 00:00:00",83205,39028
"2024-05-07 00:00:00",81225,33850
"2024-05-08 00:00:00",75446,31609
"2024-05-09 00:00:00",75624,31600
"2024-05-10 00:00:00",78096,34214
"2024-05-11 00:00:00",84173,42228
"2024-05-12 00:00:00",77233,42396
"2024-05-13 00:00:00",72777,30429
"2024-05-14 00:00:00",71444,29922
"2024-05-15 00:00:00",68511,29177
"2024-05-16 00:00:00",66906,28075
"2024-05-17 00:00:00",69960,31234
"2024-05-18 00:00:00",73943,39507
"2024-05-19 00:00:00",68889,38446
"2024-05-20 00:00:00",66222,27988
"2024-05-21 00:00:00",63392,26911
"2024-05-22 00:00:00",62326,26533
"2024-05-23 00:00:00",56587,24118
"2024-05-24 00:00:00",58851,26379
"2024-05-25 00:00:00",62234,33275
"2024-05-26 00:00:00",58323,32151
"2024-05-27 00:00:00",54928,23971
"2024-05-28 00:00:00",55042,23557
"2024-05-29 00:00:00",53198,22499
"2024-05-30 00:00:00",58196,24662
"2024-05-31 00:00:00",72635,32745
"2024-06-01 00:00:00",84090,45447
"2024-06-02 00:00:00",87116,48588
"2024-06-03 00:00:00",85153,37520
"2024-06-04 00:00:00",88936,39091
"2024-06-05 00:00:00",88388,38962
"2024-06-06 00:00:00",89089,40129
"2024-06-07 00:00:00",93953,44904
"2024-06-08 00:00:00",103215,58045
"2024-06-09 00:00:00",104642,61404
"2024-06-10 00:00:00",98259,50548
"2024-06-11 00:00:00",101560,45626
"2024-06-12 00:00:00",100543,45983
"2024-06-13 00:00:00",97690,44677
"2024-06-14 00:00:00",101223,48343
"2024-06-15 00:00:00",107519,59299
"2024-06-16 00:00:00",101436,57781
"2024-06-17 00:00:00",94303,43714
"2024-06-18 00:00:00",95681,43078
"2024-06-19 00:00:00",86111,39772
"2024-06-20 00:00:00",83035,38118
"2024-06-21 00:00:00",80109,37996
"2024-06-22 00:00:00",83707,46330
"2024-06-23 00:00:00",78873,45017
"2024-06-24 00:00:00",73093,33780
"2024-06-25 00:00:00",70537,32521
"2024-06-26 00:00:00",68572,31693
"2024-06-27 00:00:00",65649,30824
"2024-06-28 00:00:00",68868,33437
"2024-06-29 00:00:00",73871,40947
"2024-06-30 00:00:00",71169,41199
"2024-07-01 00:00:00",65875,31920
"2024-07-02 00:00:00",66134,31630
"2024-07-03 00:00:00",64879,30979
"2024-07-04 00:00:00",58718,28518
"2024-07-05 00:00:00",63160,30907
"2024-07-06 00:00:00",67287,37701
"2024-07-07 00:00:00",64807,37745
"2024-07-08 00:00:00",61460,29925
"2024-07-09 00:00:00",61479,29408
"2024-07-10 00:00:00",60692,29109
"2024-07-11 00:00:00",59969,28982
"2024-07-12 00:00:00",61732,30829
"2024-07-13 00:00:00",64720,36148
"2024-07-14 00:00:00",63740,36728
"2024-07-15 00:00:00",59148,30590
"2024-07-16 00:00:00",57029,27809
"2024-07-17 00:00:00",55631,26742
"2024-07-18 00:00:00",52825,25548
"2024-07-19 00:00:00",53152,26268
"2024-07-20 00:00:00",55994,31181
"2024-07-21 00:00:00",54779,31553
"2024-07-22 00:00:00",51222,24848
"2024-07-23 00:00:00",51609,24835
"2024-07-24 00:00:00",52224,25505
"2024-07-25 00:00:00",50640,24937
"2024-07-26 00:00:00",51648,25658
"2024-07-27 00:00:00",53528,29934
"2024-07-28 00:00:00",53044,30322
"2024-07-29 00:00:00",49981,24587
"2024-07-30 00:00:00",49961,24275
"2024-07-31 00:00:00",47726,23371
"2024-08-01 00:00:00",45494,22501
"2024-08-02 00:00:00",47484,23624
"2024-08-03 00:00:00",49224,27713
"2024-08-04 00:00:00",49070,28442
"2024-08-05 00:00:00",46775,23303
"2024-08-06 00:00:00",47326,23674
"2024-08-07 00:00:00",47083,23429
"2024-08-08 00:00:00",47154,23808
"2024-08-09 00:00:00",49537,25602
"2024-08-10 00:00:00",52595,30076
"2024-08-11 00:00:00",55144,32217
"2024-08-12 00:00:00",52550,28124
"2024-08-13 00:00:00",55730,28949
"2024-08-14 00:00:00",57442,30366
"2024-08-15 00:00:00",58875,31474
"2024-08-16 00:00:00",61283,33180
"2024-08-17 00:00:00",66362,38689
"2024-08-18 00:00:00",68125,40597
"2024-08-19 00:00:00",62781,33327
"2024-08-20 00:00:00",51910,28438
"2024-08-21 00:00:00",52718,29176
"2024-08-22 00:00:00",55214,30540
"2024-08-23 00:00:00",59955,36087
"2024-08-24 00:00:00",57425,37229
"2024-08-25 00:00:00",69289,44455
"2024-08-26 00:00:00",62937,34965
"2024-08-27 00:00:00",61685,33739
"2024-08-28 00:00:00",59552,32118
"2024-08-29 00:00:00",57833,31775
"2024-08-30 00:00:00",60937,34000
"2024-08-31 00:00:00",66329,40573
"2024-09-01 00:00:00",64645,40288
"2024-09-02 00:00:00",58664,32163
"2024-09-03 00:00:00",57139,29876
"2024-09-04 00:00:00",54457,28052
"2024-09-05 00:00:00",56980,28095
"2024-09-06 00:00:00",59503,30705
"2024-09-07 00:00:00",64073,37883
"2024-09-08 00:00:00",62737,38104
"2024-09-09 00:00:00",55812,27578
"2024-09-10 00:00:00",54145,26042
"2024-09-11 00:00:00",54157,25901
"2024-09-12 00:00:00",52940,25426
"2024-09-13 00:00:00",54187,26624
"2024-09-14 00:00:00",58707,32105
"2024-09-15 00:00:00",59861,35552
"2024-09-16 00:00:00",53152,31614
"2024-09-17 00:00:00",50871,27847
"2024-09-18 00:00:00",51585,24398
"2024-09-19 00:00:00",51934,24071
"2024-09-20 00:00:00",56596,27253
"2024-09-21 00:00:00",61485,34738
"2024-09-22 00:00:00",61324,35360
"2024-09-23 00:00:00",54301,26543
"2024-09-24 00:00:00",53336,24470
"2024-09-25 00:00:00",57760,26148
"2024-09-26 00:00:00",58857,27510
"2024-09-27 00:00:00",67079,32589
"2024-09-28 00:00:00",76812,43840
"2024-09-29 00:00:00",80120,44230
"2024-09-30 00:00:00",72461,36846
"2024-10-01 00:00:00",72703,39886
"2024-10-02 00:00:00",74080,40307
"2024-10-03 00:00:00",74872,41117
"2024-10-04 00:00:00",78053,42249
"2024-10-05 00:00:00",86598,50811
"2024-10-06 00:00:00",87614,52003
"2024-10-07 00:00:00",80286,40421
"2024-10-08 00:00:00",83561,37556
"2024-10-09 00:00:00",80942,37120
"2024-10-10 00:00:00",78600,35660
"2024-10-11 00:00:00",78860,37015
"2024-10-12 00:00:00",85602,44650
"2024-10-13 00:00:00",82593,47324
"2024-10-14 00:00:00",74379,36152
"2024-10-15 00:00:00",71863,31815
"2024-10-16 00:00:00",70329,31053
"2024-10-17 00:00:00",68207,30367
"2024-10-18 00:00:00",72328,34358
"2024-10-19 00:00:00",76925,43801
"2024-10-20 00:00:00",74109,42281
"2024-10-21 00:00:00",68315,30185
"2024-10-22 00:00:00",68099,30165
"2024-10-23 00:00:00",64872,29625
"2024-10-24 00:00:00",66700,29774
"2024-10-25 00:00:00",70903,33008
"2024-10-26 00:00:00",72965,41101
"2024-10-27 00:00:00",69980,40520
"2024-10-28 00:00:00",66698,29432
"2024-10-29 00:00:00",66801,29163
"2024-10-30 00:00:00",67841,30431
"2024-10-31 00:00:00",67579,30625
"2024-11-01 00:00:00",55623,26095
"2024-11-02 00:00:00",67135,38471
"2024-11-03 00:00:00",73455,41908
"2024-11-04 00:00:00",77487,38037
"2024-11-05 00:00:00",77927,36648
"2024-11-06 00:00:00",74947,35514
"2024-11-07 00:00:00",72681,34616
"2024-11-08 00:00:00",81722,40298
"2024-11-09 00:00:00",94463,54352
"2024-11-10 00:00:00",96259,56433
"2024-11-11 00:00:00",91759,43128
"2024-11-12 00:00:00",90473,42034
"2024-11-13 00:00:00",91821,42260
"2024-11-14 00:00:00",91240,42340
"2024-11-15 00:00:00",97083,47832
"2024-11-16 00:00:00",105138,60113
"2024-11-17 00:00:00",104488,60449
"2024-11-18 00:00:00",97429,44388
"2024-11-19 00:00:00",96239,43617
"2024-11-20 00:00:00",94286,42941
"2024-11-21 00:00:00",90907,41158
"2024-11-22 00:00:00",92487,44743
"2024-11-23 00:00:00",96128,54600
"2024-11-24 00:00:00",92816,53016
"2024-11-25 00:00:00",84561,38347
"2024-11-26 00:00:00",83627,37557
"2024-11-27 00:00:00",81486,36623
"2024-11-28 00:00:00",80016,35991
"2024-11-29 00:00:00",82419,39933
"2024-11-30 00:00:00",86360,49095
"2024-12-01 00:00:00",83675,47732
"2024-12-02 00:00:00",79019,35198
"2024-12-03 00:00:00",78625,34776
"2024-12-04 00:00:00",76838,34519
"2024-12-05 00:00:00",75330,33951
"2024-12-06 00:00:00",75694,35223
"2024-12-07 00:00:00",77724,42679
"2024-12-08 00:00:00",73760,40781
"2024-12-09 00:00:00",68778,30002
"2024-12-10 00:00:00",67304,29338
"2024-12-11 00:00:00",65313,28354
"2024-12-12 00:00:00",62817,27266
"2024-12-13 00:00:00",63654,29029
"2024-12-14 00:00:00",66477,35622
"2024-12-15 00:00:00",62290,34166
"2024-12-16 00:00:00",58102,25547
"2024-12-17 00:00:00",57124,25104
"2024-12-18 00:00:00",54588,24131
"2024-12-19 00:00:00",52350,23316
"2024-12-20 00:00:00",55963,26505
"2024-12-21 00:00:00",59620,32879
"2024-12-22 00:00:00",58051,32627
"2024-12-23 00:00:00",55986,26030
"2024-12-24 00:00:00",55531,25901
"2024-12-25 00:00:00",54650,26082
"2024-12-26 00:00:00",55876,26760
"2024-12-27 00:00:00",56608,28808
"2024-12-28 00:00:00",57655,32623
"2024-12-29 00:00:00",55435,32282
"2024-12-30 00:00:00",54706,28267
"2024-12-31 00:00:00",54451,29577
"2025-01-01 00:00:00",51791,30017
"2025-01-02 00:00:00",50781,27023
"2025-01-03 00:00:00",53976,28636
"2025-01-04 00:00:00",56045,31985
"2025-01-05 00:00:00",52758,31149
"2025-01-06 00:00:00",48879,24726
"2025-01-07 00:00:00",47868,23921
"2025-01-08 00:00:00",47625,23620
"2025-01-09 00:00:00",45207,23067
"2025-01-10 00:00:00",47952,24906
"2025-01-11 00:00:00",51784,29984
"2025-01-12 00:00:00",52063,30670
"2025-01-13 00:00:00",45455,24781
"2025-01-14 00:00:00",45493,23007
"2025-01-15 00:00:00",43821,22417
"2025-01-16 00:00:00",42391,22162
"2025-01-17 00:00:00",44947,23542
"2025-01-18 00:00:00",49451,28635
"2025-01-19 00:00:00",49343,29839
"2025-01-20 00:00:00",44831,24132
"2025-01-21 00:00:00",44475,23645
"2025-01-22 00:00:00",43721,23489
"2025-01-23 00:00:00",43667,23598
"2025-01-24 00:00:00",45406,24708
"2025-01-25 00:00:00",49239,28986
"2025-01-26 00:00:00",49457,30084
"2025-01-27 00:00:00",43705,24740
"2025-01-28 00:00:00",42262,24487
"2025-01-29 00:00:00",43165,24923
"2025-01-30 00:00:00",43342,24645
"2025-01-31 00:00:00",46395,26895
"2025-02-01 00:00:00",52631,32066
"2025-02-02 00:00:00",53818,33913
"2025-02-03 00:00:00",49535,28618
"2025-02-04 00:00:00",50878,28722
"2025-02-05 00:00:00",50589,27912
"2025-02-06 00:00:00",51363,28262
"2025-02-07 00:00:00",44227,24793
"2025-02-08 00:00:00",53343,31619
"2025-02-09 00:00:00",56948,35381
"2025-02-10 00:00:00",60596,33331
"2025-02-11 00:00:00",61285,35757
"2025-02-12 00:00:00",58310,32974
"2025-02-13 00:00:00",56746,31651
"2025-02-14 00:00:00",50662,29024
"2025-02-15 00:00:00",57748,35143
"2025-02-16 00:00:00",58098,36875
"2025-02-17 00:00:00",53149,29544
"2025-02-18 00:00:00",56822,30364
"2025-02-19 00:00:00",55325,29944
"2025-02-20 00:00:00",51904,28600
"2025-02-21 00:00:00",57098,31548
"2025-02-22 00:00:00",64233,39315
"2025-02-23 00:00:00",64018,40689
"2025-02-24 00:00:00",56391,31070
"2025-02-25 00:00:00",55971,28862
"2025-02-26 00:00:00",54861,27862
"2025-02-27 00:00:00",53189,27371
"2025-02-28 00:00:00",36918,20298
"2025-03-01 00:00:00",42480,24435
"2025-03-02 00:00:00",43897,26496
"2025-03-03 00:00:00",43155,21735
"2025-03-04 00:00:00",45192,22391
"2025-03-05 00:00:00",45403,22382
"2025-03-06 00:00:00",44639,22130
"2025-03-07 00:00:00",46899,24411
"2025-03-08 00:00:00",51143,30366
"2025-03-09 00:00:00",50025,30495
"2025-03-10 00:00:00",45643,22801
"2025-03-11 00:00:00",46045,22617
"2025-03-12 00:00:00",44525,22253
"2025-03-13 00:00:00",44127,22034
"2025-03-14 00:00:00",45961,24127
"2025-03-15 00:00:00",49878,29237
"2025-03-16 00:00:00",48722,29442
"2025-03-17 00:00:00",43484,21735
"2025-03-18 00:00:00",42773,21285
"2025-03-19 00:00:00",41361,20686
"2025-03-20 00:00:00",39261,20076
"2025-03-21 00:00:00",42477,21939
"2025-03-22 00:00:00",46189,27037
"2025-03-23 00:00:00",44540,26855
"2025-03-24 00:00:00",40137,19757
"2025-03-25 00:00:00",39344,19157
"2025-03-26 00:00:00",38240,18710
"2025-03-27 00:00:00",36503,18043
"2025-03-28 00:00:00",38881,19619
"2025-03-29 00:00:00",41813,24208
"2025-03-30 00:00:00",39889,23502
"2025-03-31 00:00:00",35827,17124
"2025-04-01 00:00:00",34551,16234
"2025-04-02 00:00:00",32643,15611
"2025-04-03 00:00:00",32702,16089
"2025-04-04 00:00:00",31091,17435
"2025-04-05 00:00:00",33131,19125
"2025-04-06 00:00:00",32384,18537
"2025-04-07 00:00:00",29392,13650
"2025-04-08 00:00:00",29495,13476
"2025-04-09 00:00:00",28508,13035
"2025-04-10 00:00:00",28378,12905
"2025-04-11 00:00:00",30205,14531
"2025-04-12 00:00:00",32816,18551
"2025-04-13 00:00:00",30946,17777
"2025-04-14 00:00:00",28044,12867
"2025-04-15 00:00:00",27769,12633
"2025-04-16 00:00:00",27384,12496
"2025-04-17 00:00:00",27047,12505
"2025-04-18 00:00:00",29336,14436
"2025-04-19 00:00:00",29678,16502
"2025-04-20 00:00:00",27394,15726
"2025-04-21 00:00:00",26573,12266
"2025-04-22 00:00:00",25217,11404
"2025-04-23 00:00:00",24198,10786
"2025-04-24 00:00:00",27405,12314
"2025-04-25 00:00:00",31091,14831
"2025-04-26 00:00:00",32623,18522
"2025-04-27 00:00:00",34109,17664
"2025-04-28 00:00:00",31854,14768
"2025-04-29 00:00:00",30816,14730
"2025-04-30 00:00:00",29454,14910
"2025-05-01 00:00:00",30163,17801
"2025-05-02 00:00:00",30421,17605
"2025-05-03 00:00:00",31820,19177
"2025-05-04 00:00:00",33273,19922
"2025-05-05 00:00:00",30994,16987
"2025-05-06 00:00:00",31930,15343
"2025-05-07 00:00:00",31486,14487
"2025-05-08 00:00:00",31775,14449
"2025-05-09 00:00:00",33490,15922
"2025-05-10 00:00:00",34893,19442
"2025-05-11 00:00:00",32252,18325
"2025-05-12 00:00:00",29574,13486
"2025-05-13 00:00:00",29093,12937
"2025-05-14 00:00:00",28178,12697
"2025-05-15 00:00:00",27296,12376
"2025-05-16 00:00:00",29265,13669
"2025-05-17 00:00:00",30623,16964
"2025-05-18 00:00:00",28202,16164
"2025-05-19 00:00:00",26479,11812
"2025-05-20 00:00:00",25494,11436
"2025-05-21 00:00:00",24712,10997
"2025-05-22 00:00:00",24851,10965
"2025-05-23 00:00:00",25970,12159
"2025-05-24 00:00:00",27594,15020
"2025-05-25 00:00:00",25603,14378
"2025-05-26 00:00:00",24130,10805
"2025-05-27 00:00:00",23336,10557
"2025-05-28 00:00:00",22184,10042
"2025-05-29 00:00:00",22627,10237
"2025-05-30 00:00:00",22850,10938
"2025-05-31 00:00:00",23063,13222
"2025-06-01 00:00:00",22419,13231
"2025-06-02 00:00:00",20400,10837
"2025-06-03 00:00:00",20345,9410
"2025-06-04 00:00:00",20295,9173
"2025-06-05 00:00:00",20288,9320
"2025-06-06 00:00:00",22688,11107
"2025-06-07 00:00:00",25717,14460
"2025-06-08 00:00:00",26166,15223
"2025-06-09 00:00:00",25505,12228
"2025-06-10 00:00:00",25297,12107
"2025-06-11 00:00:00",25559,12255
"2025-06-12 00:00:00",24784,11843
"2025-06-13 00:00:00",25850,12940
"2025-06-14 00:00:00",28094,15875
"2025-06-15 00:00:00",27078,15900
"2025-06-16 00:00:00",25763,12714
"2025-06-17 00:00:00",25706,12683
"2025-06-18 00:00:00",25420,12644
"2025-06-19 00:00:00",26041,12963
"2025-06-20 00:00:00",26101,13296
"2025-06-21 00:00:00",26900,15215
"2025-06-22 00:00:00",25244,14839
"2025-06-23 00:00:00",23344,11523
"2025-06-24 00:00:00",22789,11357
"2025-06-25 00:00:00",21681,10739
"2025-06-26 00:00:00",21129,10493
"2025-06-27 00:00:00",22794,11537
"2025-06-28 00:00:00",24232,13809
"2025-06-29 00:00:00",23662,14161
"2025-06-30 00:00:00",21547,11265
"2025-07-01 00:00:00",21959,11327
"2025-07-02 00:00:00",21163,10917
"2025-07-03 00:00:00",20769,10812
"2025-07-04 00:00:00",22055,11717
"2025-07-05 00:00:00",23536,13761
"2025-07-06 00:00:00",23275,14192
"2025-07-07 00:00:00",22236,11680
"2025-07-08 00:00:00",22165,11619
"2025-07-09 00:00:00",22122,11676
"2025-07-10 00:00:00",22174,11746
"2025-07-11 00:00:00",22342,11830
"2025-07-12 00:00:00",23166,13469
"2025-07-13 00:00:00",22641,13591
"2025-07-14 00:00:00",21442,11158
"2025-07-15 00:00:00",20691,10691
"2025-07-16 00:00:00",20437,10583
"2025-07-17 00:00:00",19543,10258
"2025-07-18 00:00:00",19863,10466
"2025-07-19 00:00:00",21122,12129
"2025-07-20 00:00:00",21255,12511
"2025-07-21 00:00:00",19706,10413
"2025-07-22 00:00:00",19509,10025
"2025-07-23 00:00:00",18802,9708
"2025-07-24 00:00:00",18026,9298
"2025-07-25 00:00:00",18491,9696
"2025-07-26 00:00:00",19229,10963
"2025-07-27 00:00:00",19423,11508
"2025-07-28 00:00:00",18327,9610
"2025-07-29 00:00:00",17922,9349
"2025-07-30 00:00:00",15546,8313
"2025-07-31 00:00:00",17273,8970
"2025-08-01 00:00:00",17553,9229
"2025-08-02 00:00:00",18451,10502
"2025-08-03 00:00:00",18392,10889
"2025-08-04 00:00:00",17490,8995
"2025-08-05 00:00:00",17558,8935
"2025-08-06 00:00:00",17083,8830
"2025-08-07 00:00:00",16494,8574
"2025-08-08 00:00:00",17263,8926
"2025-08-09 00:00:00",17726,10162
"2025-08-10 00:00:00",18089,10620
"2025-08-11 00:00:00",17394,9192
"2025-08-12 00:00:00",18094,9347
"2025-08-13 00:00:00",18118,9506
"2025-08-14 00:00:00",18451,9683
"2025-08-15 00:00:00",19202,10267
"2025-08-16 00:00:00",20191,11727
"2025-08-17 00:00:00",21291,12469
"2025-08-18 00:00:00",20272,10646
"2025-08-19 00:00:00",20902,10721
"2025-08-20 00:00:00",21169,10871
"2025-08-21 00:00:00",20888,10902
"2025-08-22 00:00:00",21840,11555
"2025-08-23 00:00:00",23805,13683
"2025-08-24 00:00:00",24449,14311
"2025-08-25 00:00:00",22692,11756
"2025-08-26 00:00:00",22177,11339
"2025-08-27 00:00:00",21855,11003
"2025-08-28 00:00:00",20188,10363
"2025-08-29 00:00:00",20866,10870
"2025-08-30 00:00:00",22430,12498
"2025-08-31 00:00:00",21681,12498
"2025-09-01 00:00:00",20388,10005
"2025-09-02 00:00:00",20041,9516
"2025-09-03 00:00:00",19663,9290
"2025-09-04 00:00:00",18151,8721
"2025-09-05 00:00:00",18905,9088
"2025-09-06 00:00:00",20131,11093
"2025-09-07 00:00:00",19602,11065
"2025-09-08 00:00:00",18272,8185
"2025-09-09 00:00:00",18030,8054
"2025-09-10 00:00:00",17592,7868
"2025-09-11 00:00:00",17021,7686
"2025-09-12 00:00:00",17418,8146
"2025-09-13 00:00:00",18829,9826
"2025-09-14 00:00:00",18377,10244
"2025-09-15 00:00:00",16581,7571
"2025-09-16 00:00:00",16870,7418
"2025-09-17 00:00:00",15780,6990
"2025-09-18 00:00:00",16043,7043
"2025-09-19 00:00:00",17015,7810
"2025-09-20 00:00:00",18539,9886
"2025-09-21 00:00:00",17735,9857
"2025-09-22 00:00:00",16482,7308
"2025-09-23 00:00:00",16980,7774
"2025-09-24 00:00:00",18141,8268
"2025-09-25 00:00:00",18912,8443
"2025-09-26 00:00:00",20886,9759
"2025-09-27 00:00:00",22362,12021
"2025-09-28 00:00:00",22627,11394
"2025-09-29 00:00:00",20602,9426
"2025-09-30 00:00:00",19964,9677
"2025-10-01 00:00:00",19499,10668
"2025-10-02 00:00:00",19737,10798
"2025-10-03 00:00:00",20441,11354
"2025-10-04 00:00:00",21831,12666
"2025-10-05 00:00:00",22218,13052
"2025-10-06 00:00:00",20733,11586
"2025-10-07 00:00:00",21576,11088
"2025-10-08 00:00:00",21865,11049
"2025-10-09 00:00:00",22218,9866
"2025-10-10 00:00:00",22935,10401
"2025-10-11 00:00:00",24560,12138
"2025-10-12 00:00:00",23487,12983
"2025-10-13 00:00:00",21790,9806
"2025-10-14 00:00:00",21906,9309
"2025-10-15 00:00:00",21323,9166
"2025-10-16 00:00:00",21002,8998
"2025-10-17 00:00:00",22248,10142
"2025-10-18 00:00:00",23492,12587
"2025-10-19 00:00:00",22516,12191
"2025-10-20 00:00:00",21186,9132
"2025-10-21 00:00:00",20324,8754
"2025-10-22 00:00:00",19674,8486
"2025-10-23 00:00:00",19166,8297
"2025-10-24 00:00:00",20307,9365
"2025-10-25 00:00:00",21488,11417
"2025-10-26 00:00:00",20744,11435
"2025-10-27 00:00:00",19413,8468
"2025-10-28 00:00:00",19204,8284
"2025-10-29 00:00:00",18743,8347
"2025-10-30 00:00:00",19738,8689
"2025-10-31 00:00:00",21554,9952
"2025-11-01 00:00:00",22891,12516
"2025-11-02 00:00:00",23300,12907
"2025-11-03 00:00:00",22569,10164
"2025-11-04 00:00:00",23163,10182
"2025-11-05 00:00:00",22468,10003
"2025-11-06 00:00:00",22969,10341
"2025-11-07 00:00:00",24229,11717
"2025-11-08 00:00:00",26713,15008
"2025-11-09 00:00:00",26563,14830
"2025-11-10 00:00:00",25823,11548
"2025-11-11 00:00:00",26860,12165
"2025-11-12 00:00:00",26437,11905
"2025-11-13 00:00:00",25395,11458
"2025-11-14 00:00:00",25201,12401
"2025-11-15 00:00:00",26231,14903
"2025-11-16 00:00:00",25555,14511
"2025-11-17 00:00:00",24301,10947
"2025-11-18 00:00:00",24631,10750
"2025-11-19 00:00:00",23152,10468
"2025-11-20 00:00:00",22926,10187
"2025-11-21 00:00:00",24035,11463
"2025-11-22 00:00:00",25204,14099
"2025-11-23 00:00:00",25138,13894
"2025-11-24 00:00:00",23360,10717
"2025-11-25 00:00:00",23240,10357
"2025-11-26 00:00:00",23012,10328
"2025-11-27 00:00:00",23025,10403
"2025-11-28 00:00:00",24092,11486
"2025-11-29 00:00:00",24642,13681
"2025-11-30 00:00:00",24144,13369
"2025-12-01 00:00:00",22937,10215
"2025-12-02 00:00:00",22657,10197
"2025-12-03 00:00:00",22382,10038
"2025-12-04 00:00:00",21714,9697
"2025-12-05 00:00:00",22016,10522
"2025-12-06 00:00:00",23261,12698
"2025-12-07 00:00:00",22487,12562
"2025-12-08 00:00:00",21870,9808
"2025-12-09 00:00:00",21448,9667
"2025-12-10 00:00:00",21202,9511
"2025-12-11 00:00:00",21106,9444
"2025-12-12 00:00:00",22209,10750
"2025-12-13 00:00:00",26031,14117
"2025-12-14 00:00:00",25789,14264
"2025-12-15 00:00:00",24919,11308
"2025-12-16 00:00:00",25204,11298
"2025-12-17 00:00:00",25719,11606
"2025-12-18 00:00:00",26078,11994
"2025-12-19 00:00:00",26219,13017
"2025-12-20 00:00:00",27736,15716
"2025-12-21 00:00:00",27496,15608
"2025-12-22 00:00:00",27390,12827
"2025-12-23 00:00:00",27415,13073
"2025-12-24 00:00:00",27262,14016
"2025-12-25 00:00:00",26613,13615
"2025-12-26 00:00:00",27968,14450
"2025-12-27 00:00:00",28677,16496
"2025-12-28 00:00:00",27840,16370
"2025-12-29 00:00:00",27537,14146
"2025-12-30 00:00:00",27099,14173
"2025-12-31 00:00:00",26245,14638
"2026-01-01 00:00:00",26365,15744
"2026-01-02 00:00:00",27607,16363
"2026-01-03 00:00:00",27695,16141
"2026-01-04 00:00:00",27708,15420
"2026-01-05 00:00:00",27000,13794
"2026-01-06 00:00:00",26748,13606
"2026-01-07 00:00:00",26168,13307
"2026-01-08 00:00:00",24958,12692
"2026-01-09 00:00:00",19815,11925
"2026-01-10 00:00:00",27983,16175
"2026-01-11 00:00:00",26531,15840
"2026-01-12 00:00:00",24742,12876
"2026-01-13 00:00:00",24187,12266
"2026-01-14 00:00:00",23113,11824
"2026-01-15 00:00:00",22366,11532
"2026-01-16 00:00:00",23742,12497
"2026-01-17 00:00:00",25582,14997
"2026-01-18 00:00:00",25226,15080
"2026-01-19 00:00:00",23476,12538
"2026-01-20 00:00:00",22934,12122
"2026-01-21 00:00:00",22543,11802
"2026-01-22 00:00:00",19193,10137
"2026-01-23 00:00:00",20189,10707
"2026-01-24 00:00:00",21292,12586
"2026-01-25 00:00:00",21019,12948
"2026-01-26 00:00:00",18907,10316
"2026-01-27 00:00:00",18718,9997
"2026-01-28 00:00:00",18161,9678
"2026-01-29 00:00:00",17666,9396
"2026-01-30 00:00:00",18024,9750
"2026-01-31 00:00:00",19380,11450
"2026-02-01 00:00:00",18910,11659
"2026-02-02 00:00:00",17260,9341
"2026-02-03 00:00:00",17121,9063
"2026-02-04 00:00:00",16746,8904
"2026-02-05 00:00:00",15601,8527
"2026-02-06 00:00:00",16265,8861
"2026-02-07 00:00:00",17854,10525
"2026-02-08 00:00:00",17815,10818
"2026-02-09 00:00:00",15942,8739
"2026-02-10 00:00:00",15790,8449
"2026-02-11 00:00:00",15223,8586
"2026-02-12 00:00:00",15085,8321
"2026-02-13 00:00:00",15981,9115
"2026-02-14 00:00:00",17997,10894
"2026-02-15 00:00:00",18775,11791
"2026-02-16 00:00:00",17577,10917
"2026-02-17 00:00:00",17320,10789
"2026-02-18 00:00:00",17006,10219
"2026-02-19 00:00:00",17461,10421
"2026-02-20 00:00:00",18355,10821
"2026-02-21 00:00:00",20071,12637
"2026-02-22 00:00:00",21200,13474
"2026-02-23 00:00:00",19576,12107
"2026-02-24 00:00:00",19870,11388
"2026-02-25 00:00:00",20064,11280
"2026-02-26 00:00:00",20133,11278
"2026-02-27 00:00:00",19709,11190
"2026-02-28 00:00:00",21376,12469
"2026-03-01 00:00:00",21773,13105
"2026-03-02 00:00:00",19764,10277
"2026-03-03 00:00:00",19472,9879
"2026-03-04 00:00:00",18786,9421
"2026-03-05 00:00:00",18746,9344
"2026-03-06 00:00:00",19281,9941
"2026-03-07 00:00:00",20691,12117
"2026-03-08 00:00:00",20055,12011
"2026-03-09 00:00:00",18683,9057
"2026-03-10 00:00:00",18579,8911
"2026-03-11 00:00:00",18253,8864
"2026-03-12 00:00:00",18047,8679
"2026-03-13 00:00:00",18553,9579
"2026-03-14 00:00:00",19988,11926
"2026-03-15 00:00:00",19675,11939
"2026-03-16 00:00:00",18197,9032
"2026-03-17 00:00:00",18136,8911
"2026-03-18 00:00:00",18034,8923
"2026-03-19 00:00:00",17879,8764
"2026-03-20 00:00:00",18670,9779
"2026-03-21 00:00:00",20740,12115
"2026-03-22 00:00:00",21485,12642
"2026-03-23 00:00:00",20733,9923
"2026-03-24 00:00:00",21254,9998
"2026-03-25 00:00:00",20404,9661
"2026-03-26 00:00:00",18745,8976
"2026-03-27 00:00:00",18729,9533
"2026-03-28 00:00:00",20213,11676
"2026-03-29 00:00:00",20036,11653
"2026-03-30 00:00:00",18779,8944
"2026-03-31 00:00:00",18431,8826
"2026-04-01 00:00:00",17645,8521
"2026-04-02 00:00:00",21950,10367
"2026-04-03 00:00:00",25621,13651
"2026-04-04 00:00:00",27854,16932
"2026-04-05 00:00:00",30170,18753
"2026-04-06 00:00:00",31012,17188
"2026-04-07 00:00:00",31496,15071
"2026-04-08 00:00:00",31326,15105
"2026-04-09 00:00:00",31592,15287
"2026-04-10 00:00:00",33229,16894
"2026-04-11 00:00:00",36407,21203
"2026-04-12 00:00:00",36650,21674
"2026-04-13 00:00:00",34738,16458
"2026-04-14 00:00:00",34823,16433
"2026-04-15 00:00:00",34758,16463
"2026-04-16 00:00:00",32960,15658
"2026-04-17 00:00:00",32830,16457
"2026-04-18 00:00:00",34091,19737
"2026-04-19 00:00:00",32947,19380
"2026-04-20 00:00:00",30582,14492
"2026-04-21 00:00:00",30759,14495
"2026-04-22 00:00:00",28668,13520
"2026-04-23 00:00:00",27011,12825
"2026-04-24 00:00:00",27980,13906
"2026-04-25 00:00:00",29122,16790
"2026-04-26 00:00:00",28218,16547
"2026-04-27 00:00:00",26008,12168
"2026-04-28 00:00:00",25843,12108
"2026-04-29 00:00:00",24583,12051
"2026-04-30 00:00:00",23281,11931
"2026-05-01 00:00:00",24281,14320
"2026-05-02 00:00:00",24782,14854
"2026-05-03 00:00:00",25627,15233
"2026-05-04 00:00:00",23784,13546
"2026-05-05 00:00:00",24402,12965
"2026-05-06 00:00:00",24657,11532
"2026-05-07 00:00:00",25203,11435
"2026-05-08 00:00:00",26430,12305
"2026-05-09 00:00:00",28826,14589
"2026-05-10 00:00:00",27102,15480
"2026-05-11 00:00:00",25359,11491
"2026-05-12 00:00:00",25496,11374
"2026-05-13 00:00:00",24679,11257
"2026-05-14 00:00:00",24854,11315
"2026-05-15 00:00:00",25211,12048
"2026-05-16 00:00:00",7237,14493
"2026-05-16 01:00:00",9242,
"2026-05-16 02:00:00",11430,
"2026-05-16 03:00:00",12588,
"2026-05-16 04:00:00",13980,
"2026-05-16 05:00:00",15901,
"2026-05-16 06:00:00",17008,
"2026-05-16 07:00:00",17700,
"2026-05-16 08:00:00",17980,
"2026-05-16 09:00:00",17861,
"2026-05-16 10:00:00",16812,
"2026-05-16 11:00:00",18759,
"2026-05-16 12:00:00",22431,
"2026-05-16 13:00:00",25371,
"2026-05-16 14:00:00",25936,
"2026-05-16 15:00:00",25663,
"2026-05-16 16:00:00",21622,
"2026-05-16 17:00:00",16527,
"2026-05-16 18:00:00",12718,
"2026-05-16 19:00:00",10215,
"2026-05-16 20:00:00",8792,
"2026-05-16 21:00:00",7885,
"2026-05-16 22:00:00",7194,
"2026-05-16 23:00:00",6922,
"2026-05-17 00:00:00",7936,14363
"2026-05-17 01:00:00",10110,
"2026-05-17 02:00:00",12691,
"2026-05-17 03:00:00",13845,
"2026-05-17 04:00:00",15581,
"2026-05-17 05:00:00",17571,
"2026-05-17 06:00:00",18761,
"2026-05-17 07:00:00",19475,
"2026-05-17 08:00:00",19567,
"2026-05-17 09:00:00",19380,
"2026-05-17 10:00:00",17609,
"2026-05-17 11:00:00",18589,
"2026-05-17 12:00:00",22128,
"2026-05-17 13:00:00",24954,
"2026-05-17 14:00:00",24950,
"2026-05-17 15:00:00",23260,
"2026-05-17 16:00:00",17281,
"2026-05-17 17:00:00",12799,
"2026-05-17 18:00:00",10429,
"2026-05-17 19:00:00",9091,
"2026-05-17 20:00:00",8303,
"2026-05-17 21:00:00",7373,
"2026-05-17 22:00:00",6692,
"2026-05-17 23:00:00",6211,
"2026-05-18 00:00:00",6628,10749
"2026-05-18 01:00:00",7350,
"2026-05-18 02:00:00",8438,
"2026-05-18 03:00:00",8577,
"2026-05-18 04:00:00",10000,
"2026-05-18 05:00:00",10041,
"2026-05-18 06:00:00",9047,
"2026-05-18 07:00:00",9747,
"2026-05-18 08:00:00",11092,
"2026-05-18 09:00:00",11595,
"2026-05-18 10:00:00",12697,
"2026-05-18 11:00:00",15719,
"2026-05-18 12:00:00",19915,
"2026-05-18 13:00:00",23504,
"2026-05-18 14:00:00",23779,
"2026-05-18 15:00:00",21816,
"2026-05-18 16:00:00",15616,
"2026-05-18 17:00:00",10842,
"2026-05-18 18:00:00",8646,
"2026-05-18 19:00:00",7430,
"2026-05-18 20:00:00",6827,
"2026-05-18 21:00:00",6074,
"2026-05-18 22:00:00",5492,
"2026-05-18 23:00:00",5336,
"2026-05-19 00:00:00",6138,10666
"2026-05-19 01:00:00",7096,
"2026-05-19 02:00:00",8330,
"2026-05-19 03:00:00",8562,
"2026-05-19 04:00:00",10083,
"2026-05-19 05:00:00",10151,
"2026-05-19 06:00:00",9230,
"2026-05-19 07:00:00",9801,
"2026-05-19 08:00:00",11306,
"2026-05-19 09:00:00",11790,
"2026-05-19 10:00:00",12846,
"2026-05-19 11:00:00",15565,
"2026-05-19 12:00:00",19836,
"2026-05-19 13:00:00",23701,
"2026-05-19 14:00:00",24051,
"2026-05-19 15:00:00",21938,
"2026-05-19 16:00:00",15730,
"2026-05-19 17:00:00",10753,
"2026-05-19 18:00:00",8345,
"2026-05-19 19:00:00",7036,
"2026-05-19 20:00:00",6356,
"2026-05-19 21:00:00",5716,
"2026-05-19 22:00:00",5278,
"2026-05-19 23:00:00",5337,
"2026-05-20 00:00:00",6087,10524
"2026-05-20 01:00:00",7100,
"2026-05-20 02:00:00",8193,
"2026-05-20 03:00:00",8431,
"2026-05-20 04:00:00",10179,
"2026-05-20 05:00:00",10270,
"2026-05-20 06:00:00",9764,
"2026-05-20 07:00:00",10184,
"2026-05-20 08:00:00",11508,
"2026-05-20 09:00:00",11859,
"2026-05-20 10:00:00",12495,
"2026-05-20 11:00:00",15195,
"2026-05-20 12:00:00",19286,
"2026-05-20 13:00:00",22969,
"2026-05-20 14:00:00",23348,
"2026-05-20 15:00:00",21920,
"2026-05-20 16:00:00",15688,
"2026-05-20 17:00:00",10576,
"2026-05-20 18:00:00",8065,
"2026-05-20 19:00:00",6767,
"2026-05-20 20:00:00",6195,
"2026-05-20 21:00:00",5552,
"2026-05-20 22:00:00",5117,
"2026-05-20 23:00:00",5120,
"2026-05-21 00:00:00",5996,10357
"2026-05-21 01:00:00",6864,
"2026-05-21 02:00:00",8249,
"2026-05-21 03:00:00",8509,
"2026-05-21 04:00:00",9862,
"2026-05-21 05:00:00",9899,
"2026-05-21 06:00:00",9014,
"2026-05-21 07:00:00",9564,
"2026-05-21 08:00:00",10821,
"2026-05-21 09:00:00",11193,
"2026-05-21 10:00:00",12056,
"2026-05-21 11:00:00",14737,
"2026-05-21 12:00:00",18928,
"2026-05-21 13:00:00",22604,
"2026-05-21 14:00:00",23059,
"2026-05-21 15:00:00",21604,
"2026-05-21 16:00:00",15666,
"2026-05-21 17:00:00",10616,
"2026-05-21 18:00:00",8220,
"2026-05-21 19:00:00",6965,
"2026-05-21 20:00:00",6252,
"2026-05-21 21:00:00",5612,
"2026-05-21 22:00:00",5196,
"2026-05-21 23:00:00",5152,
"2026-05-22 00:00:00",5936,11436
"2026-05-22 01:00:00",6937,
"2026-05-22 02:00:00",8432,
"2026-05-22 03:00:00",8620,
"2026-05-22 04:00:00",10155,
"2026-05-22 05:00:00",10184,
"2026-05-22 06:00:00",9875,
"2026-05-22 07:00:00",10621,
"2026-05-22 08:00:00",11921,
"2026-05-22 09:00:00",12187,
"2026-05-22 10:00:00",13135,
"2026-05-22 11:00:00",15809,
"2026-05-22 12:00:00",19870,
"2026-05-22 13:00:00",23377,
"2026-05-22 14:00:00",24492,
"2026-05-22 15:00:00",23851,
"2026-05-22 16:00:00",19241,
"2026-05-22 17:00:00",14020,
"2026-05-22 18:00:00",10536,
"2026-05-22 19:00:00",8494,
"2026-05-22 20:00:00",7160,
"2026-05-22 21:00:00",6371,
"2026-05-22 22:00:00",5908,
"2026-05-22 23:00:00",5937,
"2026-05-23 00:00:00",6876,13925
"2026-05-23 01:00:00",8995,
"2026-05-23 02:00:00",11182,
"2026-05-23 03:00:00",12162,
"2026-05-23 04:00:00",13628,
"2026-05-23 05:00:00",15297,
"2026-05-23 06:00:00",16121,
"2026-05-23 07:00:00",17030,
"2026-05-23 08:00:00",17523,
"2026-05-23 09:00:00",17496,
"2026-05-23 10:00:00",16306,
"2026-05-23 11:00:00",17908,
"2026-05-23 12:00:00",21554,
"2026-05-23 13:00:00",24590,
"2026-05-23 14:00:00",25164,
"2026-05-23 15:00:00",24628,
"2026-05-23 16:00:00",20569,
"2026-05-23 17:00:00",15552,
"2026-05-23 18:00:00",12076,
"2026-05-23 19:00:00",9691,
"2026-05-23 20:00:00",8399,
"2026-05-23 21:00:00",7615,
"2026-05-23 22:00:00",6891,
"2026-05-23 23:00:00",6573,
"2026-05-24 00:00:00",7584,13934
"2026-05-24 01:00:00",9657,
"2026-05-24 02:00:00",12210,
"2026-05-24 03:00:00",13315,
"2026-05-24 04:00:00",14991,
"2026-05-24 05:00:00",17043,
"2026-05-24 06:00:00",18051,
"2026-05-24 07:00:00",18695,
"2026-05-24 08:00:00",18954,
"2026-05-24 09:00:00",18704,
"2026-05-24 10:00:00",17053,
"2026-05-24 11:00:00",18121,
"2026-05-24 12:00:00",21766,
"2026-05-24 13:00:00",24303,
"2026-05-24 14:00:00",24425,
"2026-05-24 15:00:00",22419,
"2026-05-24 16:00:00",16692,
"2026-05-24 17:00:00",11941,
"2026-05-24 18:00:00",9804,
"2026-05-24 19:00:00",8663,
"2026-05-24 20:00:00",8105,
"2026-05-24 21:00:00",7551,
"2026-05-24 22:00:00",6981,
"2026-05-24 23:00:00",6506,
"2026-05-25 00:00:00",6811,11044
"2026-05-25 01:00:00",7446,
"2026-05-25 02:00:00",8537,
"2026-05-25 03:00:00",8856,
"2026-05-25 04:00:00",10427,
"2026-05-25 05:00:00",10390,
"2026-05-25 06:00:00",9564,
"2026-05-25 07:00:00",10354,
"2026-05-25 08:00:00",11721,
"2026-05-25 09:00:00",12180,
"2026-05-25 10:00:00",13220,
"2026-05-25 11:00:00",16164,
"2026-05-25 12:00:00",20225,
"2026-05-25 13:00:00",23832,
"2026-05-25 14:00:00",24213,
"2026-05-25 15:00:00",22117,
"2026-05-25 16:00:00",15778,
"2026-05-25 17:00:00",10980,
"2026-05-25 18:00:00",8516,
"2026-05-25 19:00:00",7335,
"2026-05-25 20:00:00",6819,
"2026-05-25 21:00:00",6253,
"2026-05-25 22:00:00",5760,
"2026-05-25 23:00:00",5623,
"2026-05-26 00:00:00",6297,10803
"2026-05-26 01:00:00",7036,
"2026-05-26 02:00:00",8100,
"2026-05-26 03:00:00",8463,
"2026-05-26 04:00:00",10195,
"2026-05-26 05:00:00",10226,
"2026-05-26 06:00:00",9383,
"2026-05-26 07:00:00",10341,
"2026-05-26 08:00:00",11671,
"2026-05-26 09:00:00",12146,
"2026-05-26 10:00:00",12823,
"2026-05-26 11:00:00",15854,
"2026-05-26 12:00:00",20302,
"2026-05-26 13:00:00",24127,
"2026-05-26 14:00:00",24532,
"2026-05-26 15:00:00",22526,
"2026-05-26 16:00:00",15886,
"2026-05-26 17:00:00",10901,
"2026-05-26 18:00:00",8010,
"2026-05-26 19:00:00",7058,
"2026-05-26 20:00:00",6372,
"2026-05-26 21:00:00",5701,
"2026-05-26 22:00:00",5268,
"2026-05-26 23:00:00",5275,
"2026-05-27 00:00:00",6122,11026
"2026-05-27 01:00:00",7113,
"2026-05-27 02:00:00",8529,
"2026-05-27 03:00:00",9149,
"2026-05-27 04:00:00",10731,
"2026-05-27 05:00:00",10747,
"2026-05-27 06:00:00",10215,
"2026-05-27 07:00:00",11106,
"2026-05-27 08:00:00",12409,
"2026-05-27 09:00:00",12583,
"2026-05-27 10:00:00",13084,
"2026-05-27 11:00:00",15988,
"2026-05-27 12:00:00",20180,
"2026-05-27 13:00:00",24040,
"2026-05-27 14:00:00",24542,
"2026-05-27 15:00:00",22655,
"2026-05-27 16:00:00",16129,
"2026-05-27 17:00:00",10891,
"2026-05-27 18:00:00",8330,
"2026-05-27 19:00:00",7003,
"2026-05-27 20:00:00",6257,
"2026-05-27 21:00:00",5556,
"2026-05-27 22:00:00",5103,
"2026-05-27 23:00:00",5195,
"2026-05-28 00:00:00",5964,10834
"2026-05-28 01:00:00",7044,
"2026-05-28 02:00:00",8316,
"2026-05-28 03:00:00",8707,
"2026-05-28 04:00:00",10377,
"2026-05-28 05:00:00",10377,
"2026-05-28 06:00:00",9791,
"2026-05-28 07:00:00",10552,
"2026-05-28 08:00:00",11875,
"2026-05-28 09:00:00",12077,
"2026-05-28 10:00:00",12663,
"2026-05-28 11:00:00",15353,
"2026-05-28 12:00:00",19693,
"2026-05-28 13:00:00",23749,
"2026-05-28 14:00:00",24228,
"2026-05-28 15:00:00",22820,
"2026-05-28 16:00:00",16379,
"2026-05-28 17:00:00",11199,
"2026-05-28 18:00:00",8296,
"2026-05-28 19:00:00",7028,
"2026-05-28 20:00:00",6259,
"2026-05-28 21:00:00",5663,
"2026-05-28 22:00:00",5240,
"2026-05-28 23:00:00",5227,
"2026-05-29 00:00:00",6062,12188
"2026-05-29 01:00:00",7069,
"2026-05-29 02:00:00",8665,
"2026-05-29 03:00:00",9192,
"2026-05-29 04:00:00",10758,
"2026-05-29 05:00:00",10967,
"2026-05-29 06:00:00",10678,
"2026-05-29 07:00:00",11541,
"2026-05-29 08:00:00",13013,
"2026-05-29 09:00:00",13427,
"2026-05-29 10:00:00",14230,
"2026-05-29 11:00:00",17052,
"2026-05-29 12:00:00",21286,
"2026-05-29 13:00:00",25147,
"2026-05-29 14:00:00",26003,
"2026-05-29 15:00:00",25575,
"2026-05-29 16:00:00",20601,
"2026-05-29 17:00:00",15065,
"2026-05-29 18:00:00",11030,
"2026-05-29 19:00:00",8672,
"2026-05-29 20:00:00",7357,
"2026-05-29 21:00:00",6608,
"2026-05-29 22:00:00",6088,
"2026-05-29 23:00:00",6116,
"2026-05-30 00:00:00",7165,14929
"2026-05-30 01:00:00",9200,
"2026-05-30 02:00:00",11687,
"2026-05-30 03:00:00",12975,
"2026-05-30 04:00:00",14614,
"2026-05-30 05:00:00",16604,
"2026-05-30 06:00:00",17628,
"2026-05-30 07:00:00",18494,
"2026-05-30 08:00:00",19032,
"2026-05-30 09:00:00",19031,
"2026-05-30 10:00:00",17763,
"2026-05-30 11:00:00",19111,
"2026-05-30 12:00:00",22925,
"2026-05-30 13:00:00",26362,
"2026-05-30 14:00:00",27391,
"2026-05-30 15:00:00",26953,
"2026-05-30 16:00:00",22699,
"2026-05-30 17:00:00",16996,
"2026-05-30 18:00:00",12816,
"2026-05-30 19:00:00",10196,
"2026-05-30 20:00:00",8684,
"2026-05-30 21:00:00",7691,
"2026-05-30 22:00:00",7008,
"2026-05-30 23:00:00",6886,
"2026-05-31 00:00:00",7909,14955
"2026-05-31 01:00:00",10168,
"2026-05-31 02:00:00",12972,
"2026-05-31 03:00:00",14247,
"2026-05-31 04:00:00",15935,
"2026-05-31 05:00:00",18229,
"2026-05-31 06:00:00",19849,
"2026-05-31 07:00:00",20571,
"2026-05-31 08:00:00",20605,
"2026-05-31 09:00:00",20286,
"2026-05-31 10:00:00",18460,
"2026-05-31 11:00:00",19049,
"2026-05-31 12:00:00",23429,
"2026-05-31 13:00:00",26838,
"2026-05-31 14:00:00",27069,
"2026-05-31 15:00:00",25339,
"2026-05-31 16:00:00",18684,
"2026-05-31 17:00:00",13369,
"2026-05-31 18:00:00",10454,
"2026-05-31 19:00:00",9081,
"2026-05-31 20:00:00",8192,
"2026-05-31 21:00:00",7550,
"2026-05-31 22:00:00",6827,
"2026-05-31 23:00:00",6442,
"2026-06-01 00:00:00",6801,11687
"2026-06-01 01:00:00",7654,
"2026-06-01 02:00:00",9025,
"2026-06-01 03:00:00",9056,
"2026-06-01 04:00:00",10067,
"2026-06-01 05:00:00",10339,
"2026-06-01 06:00:00",10105,
"2026-06-01 07:00:00",11034,
"2026-06-01 08:00:00",12822,
"2026-06-01 09:00:00",13593,
"2026-06-01 10:00:00",14305,
"2026-06-01 11:00:00",17199,
"2026-06-01 12:00:00",22192,
"2026-06-01 13:00:00",26625,
"2026-06-01 14:00:00",27044,
"2026-06-01 15:00:00",25103,
"2026-06-01 16:00:00",17555,
"2026-06-01 17:00:00",11530,
"2026-06-01 18:00:00",8845,
"2026-06-01 19:00:00",7404,
"2026-06-01 20:00:00",6500,
"2026-06-01 21:00:00",5845,
"2026-06-01 22:00:00",5374,
"2026-06-01 23:00:00",5584,
"2026-06-02 00:00:00",6292,12351
"2026-06-02 01:00:00",7310,
"2026-06-02 02:00:00",8925,
"2026-06-02 03:00:00",9452,
"2026-06-02 04:00:00",11782,
"2026-06-02 05:00:00",11986,
"2026-06-02 06:00:00",11108,
"2026-06-02 07:00:00",11962,
"2026-06-02 08:00:00",13862,
"2026-06-02 09:00:00",14338,
"2026-06-02 10:00:00",15210,
"2026-06-02 11:00:00",18249,
"2026-06-02 12:00:00",23250,
"2026-06-02 13:00:00",28249,
"2026-06-02 14:00:00",28921,
"2026-06-02 15:00:00",26992,
"2026-06-02 16:00:00",18784,
"2026-06-02 17:00:00",12522,
"2026-06-02 18:00:00",9438,
"2026-06-02 19:00:00",7778,
"2026-06-02 20:00:00",6665,
"2026-06-02 21:00:00",5780,
"2026-06-02 22:00:00",5146,
"2026-06-02 23:00:00",5607,
"2026-06-03 00:00:00",6412,12742
"2026-06-03 01:00:00",7624,
"2026-06-03 02:00:00",9307,
"2026-06-03 03:00:00",9981,
"2026-06-03 04:00:00",12577,
"2026-06-03 05:00:00",12667,
"2026-06-03 06:00:00",12275,
"2026-06-03 07:00:00",13298,
"2026-06-03 08:00:00",15209,
"2026-06-03 09:00:00",15321,
"2026-06-03 10:00:00",15901,
"2026-06-03 11:00:00",19355,
"2026-06-03 12:00:00",24392,
"2026-06-03 13:00:00",28423,
"2026-06-03 14:00:00",28728,
"2026-06-03 15:00:00",26549,
"2026-06-03 16:00:00",18282,
"2026-06-03 17:00:00",12183,
"2026-06-03 18:00:00",8947,
"2026-06-03 19:00:00",7348,
"2026-06-03 20:00:00",6636,
"2026-06-03 21:00:00",5875,
"2026-06-03 22:00:00",5560,
"2026-06-03 23:00:00",5622,
"2026-06-04 00:00:00",6461,13117
"2026-06-04 01:00:00",7675,
"2026-06-04 02:00:00",9649,
"2026-06-04 03:00:00",10263,
"2026-06-04 04:00:00",12697,
"2026-06-04 05:00:00",12739,
"2026-06-04 06:00:00",11944,
"2026-06-04 07:00:00",12930,
"2026-06-04 08:00:00",14699,
"2026-06-04 09:00:00",15257,
"2026-06-04 10:00:00",16023,
"2026-06-04 11:00:00",19378,
"2026-06-04 12:00:00",24319,
"2026-06-04 13:00:00",29197,
"2026-06-04 14:00:00",29893,
"2026-06-04 15:00:00",27806,
"2026-06-04 16:00:00",19836,
"2026-06-04 17:00:00",13301,
"2026-06-04 18:00:00",9765,
"2026-06-04 19:00:00",8107,
"2026-06-04 20:00:00",7421,
"2026-06-04 21:00:00",6752,
"2026-06-04 22:00:00",6199,
"2026-06-04 23:00:00",6117,
"2026-06-05 00:00:00",7083,15571
"2026-06-05 01:00:00",8489,
"2026-06-05 02:00:00",10550,
"2026-06-05 03:00:00",11121,
"2026-06-05 04:00:00",13047,
"2026-06-05 05:00:00",13316,
"2026-06-05 06:00:00",13375,
"2026-06-05 07:00:00",14685,
"2026-06-05 08:00:00",16769,
"2026-06-05 09:00:00",17353,
"2026-06-05 10:00:00",18841,
"2026-06-05 11:00:00",22837,
"2026-06-05 12:00:00",28370,
"2026-06-05 13:00:00",32839,
"2026-06-05 14:00:00",34243,
"2026-06-05 15:00:00",33441,
"2026-06-05 16:00:00",27291,
"2026-06-05 17:00:00",19710,
"2026-06-05 18:00:00",14568,
"2026-06-05 19:00:00",11036,
"2026-06-05 20:00:00",9225,
"2026-06-05 21:00:00",7785,
"2026-06-05 22:00:00",6858,
"2026-06-05 23:00:00",7703,
"2026-06-06 00:00:00",9387,21402
"2026-06-06 01:00:00",12343,
"2026-06-06 02:00:00",15965,
"2026-06-06 03:00:00",17994,
"2026-06-06 04:00:00",20909,
"2026-06-06 05:00:00",23940,
"2026-06-06 06:00:00",25705,
"2026-06-06 07:00:00",27048,
"2026-06-06 08:00:00",27649,
"2026-06-06 09:00:00",27297,
"2026-06-06 10:00:00",25821,
"2026-06-06 11:00:00",28795,
"2026-06-06 12:00:00",34373,
"2026-06-06 13:00:00",38725,
"2026-06-06 14:00:00",39239,
"2026-06-06 15:00:00",38380,
"2026-06-06 16:00:00",32155,
"2026-06-06 17:00:00",24524,
"2026-06-06 18:00:00",18782,
"2026-06-06 19:00:00",14722,
"2026-06-06 20:00:00",12179,
"2026-06-06 21:00:00",10507,
"2026-06-06 22:00:00",9496,
"2026-06-06 23:00:00",9326,
"2026-06-07 00:00:00",11082,22929
"2026-06-07 01:00:00",14330,
"2026-06-07 02:00:00",18806,
"2026-06-07 03:00:00",21241,
"2026-06-07 04:00:00",24795,
"2026-06-07 05:00:00",28290,
"2026-06-07 06:00:00",31069,
"2026-06-07 07:00:00",32266,
"2026-06-07 08:00:00",32612,
"2026-06-07 09:00:00",32390,
"2026-06-07 10:00:00",29323,
"2026-06-07 11:00:00",31377,
"2026-06-07 12:00:00",37426,
"2026-06-07 13:00:00",42168,
"2026-06-07 14:00:00",42287,
"2026-06-07 15:00:00",38469,
"2026-06-07 16:00:00",27979,
"2026-06-07 17:00:00",19530,
"2026-06-07 18:00:00",14975,
"2026-06-07 19:00:00",13087,
"2026-06-07 20:00:00",11866,
"2026-06-07 21:00:00",10890,
"2026-06-07 22:00:00",9856,
"2026-06-07 23:00:00",9389,
"2026-06-08 00:00:00",10215,18651
"2026-06-08 01:00:00",11501,
"2026-06-08 02:00:00",13650,
"2026-06-08 03:00:00",14583,
"2026-06-08 04:00:00",17979,
"2026-06-08 05:00:00",18044,
"2026-06-08 06:00:00",16952,
"2026-06-08 07:00:00",18286,
"2026-06-08 08:00:00",20800,
"2026-06-08 09:00:00",21657,
"2026-06-08 10:00:00",23552,
"2026-06-08 11:00:00",28839,
"2026-06-08 12:00:00",36317,
"2026-06-08 13:00:00",42107,
"2026-06-08 14:00:00",42546,
"2026-06-08 15:00:00",38723,
"2026-06-08 16:00:00",26795,
"2026-06-08 17:00:00",18011,
"2026-06-08 18:00:00",13627,
"2026-06-08 19:00:00",11158,
"2026-06-08 20:00:00",9782,
"2026-06-08 21:00:00",9014,
"2026-06-08 22:00:00",8260,
"2026-06-08 23:00:00",8044,
"2026-06-08 23:10:00",8062,
"2026-06-08 23:20:00",8169,
"2026-06-08 23:30:00",8228,
"2026-06-08 23:40:00",8314,
"2026-06-08 23:50:00",8374,
"2026-06-09 00:00:00",8547,19651
"2026-06-09 00:10:00",8817,
"2026-06-09 00:20:00",9048,
"2026-06-09 00:30:00",9295,
"2026-06-09 00:40:00",9587,
"2026-06-09 00:50:00",9827,
"2026-06-09 01:00:00",10040,
"2026-06-09 01:10:00",10382,
"2026-06-09 01:20:00",10630,
"2026-06-09 01:30:00",10937,
"2026-06-09 01:40:00",11242,
"2026-06-09 01:50:00",11539,
"2026-06-09 02:00:00",11924,
"2026-06-09 02:10:00",12358,
"2026-06-09 02:20:00",12959,
"2026-06-09 02:30:00",13511,
"2026-06-09 02:40:00",13938,
"2026-06-09 02:50:00",14360,
"2026-06-09 03:00:00",14671,
"2026-06-09 03:10:00",14824,
"2026-06-09 03:20:00",14965,
"2026-06-09 03:30:00",15064,
"2026-06-09 03:40:00",15236,
"2026-06-09 03:50:00",15450,
"2026-06-09 04:00:00",15960,
"2026-06-09 04:10:00",16694,
"2026-06-09 04:20:00",17534,
"2026-06-09 04:30:00",18373,
"2026-06-09 04:40:00",19156,
"2026-06-09 04:50:00",19554,
"2026-06-09 05:00:00",19675,
"2026-06-09 05:10:00",19635,
"2026-06-09 05:20:00",19460,
"2026-06-09 05:30:00",19345,
"2026-06-09 05:40:00",18958,
"2026-06-09 05:50:00",18577,
"2026-06-09 06:00:00",18405,
"2026-06-09 06:10:00",18167,
"2026-06-09 06:20:00",18099,
"2026-06-09 06:30:00",18085,
"2026-06-09 06:40:00",18270,
"2026-06-09 06:50:00",18452,
"2026-06-09 07:00:00",18599,
"2026-06-09 07:10:00",18775,
"2026-06-09 07:20:00",18998,
"2026-06-09 07:30:00",19328,
"2026-06-09 07:40:00",19611,
"2026-06-09 07:50:00",19970,
"2026-06-09 08:00:00",20485,
"2026-06-09 08:10:00",20911,
"2026-06-09 08:20:00",21554,
"2026-06-09 08:30:00",22163,
"2026-06-09 08:40:00",22607,
"2026-06-09 08:50:00",22967,
"2026-06-09 09:00:00",23372,
"2026-06-09 09:10:00",23511,
"2026-06-09 09:20:00",23711,
"2026-06-09 09:30:00",23813,
"2026-06-09 09:40:00",24003,
"2026-06-09 09:50:00",24089,
"2026-06-09 10:00:00",24137,
"2026-06-09 10:10:00",24162,
"2026-06-09 10:20:00",24399,
"2026-06-09 10:30:00",24548,
"2026-06-09 10:40:00",24856,
"2026-06-09 10:50:00",25267,
"2026-06-09 11:00:00",25669,
"2026-06-09 11:10:00",26290,
"2026-06-09 11:20:00",27102,
"2026-06-09 11:30:00",27936,
"2026-06-09 11:40:00",28953,
"2026-06-09 11:50:00",30072,
"2026-06-09 12:00:00",31000,
"2026-06-09 12:10:00",32222,
"2026-06-09 12:20:00",33547,
"2026-06-09 12:30:00",34886,
"2026-06-09 12:40:00",36415,
"2026-06-09 12:50:00",37848,
"2026-06-09 13:00:00",39097,
"2026-06-09 13:10:00",40424,
"2026-06-09 13:20:00",41580,
"2026-06-09 13:30:00",42653,
"2026-06-09 13:40:00",43581,
"2026-06-09 13:50:00",44021,
"2026-06-09 14:00:00",44148,
"2026-06-09 14:10:00",44119,
"2026-06-09 14:20:00",43902,
"2026-06-09 14:30:00",43518,
"2026-06-09 14:40:00",42556,
"2026-06-09 14:50:00",41517,
"2026-06-09 15:00:00",40009,
"2026-06-09 15:10:00",37868,
"2026-06-09 15:20:00",36152,
"2026-06-09 15:30:00",34372,
"2026-06-09 15:40:00",32465,
"2026-06-09 15:50:00",30777,
"2026-06-09 16:00:00",28866,
"2026-06-09 16:10:00",26649,
"2026-06-09 16:20:00",24942,
"2026-06-09 16:30:00",23347,
"2026-06-09 16:40:00",21987,
"2026-06-09 16:50:00",20570,
"2026-06-09 17:00:00",19346,
"2026-06-09 17:10:00",18201,
"2026-06-09 17:20:00",17174,
"2026-06-09 17:30:00",16335,
"2026-06-09 17:40:00",15547,
"2026-06-09 17:50:00",14874,
"2026-06-09 18:00:00",14273,
"2026-06-09 18:10:00",13759,
"2026-06-09 18:20:00",13171,
"2026-06-09 18:30:00",12550,
"2026-06-09 18:40:00",12226,
"2026-06-09 18:50:00",11876,
"2026-06-09 19:00:00",11570,
"2026-06-09 19:10:00",11276,
"2026-06-09 19:20:00",11021,
"2026-06-09 19:30:00",10790,
"2026-06-09 19:40:00",10574,
"2026-06-09 19:50:00",10342,
"2026-06-09 20:00:00",10054,
"2026-06-09 20:10:00",9824,
"2026-06-09 20:20:00",9654,
"2026-06-09 20:30:00",9426,
"2026-06-09 20:40:00",9243,
"2026-06-09 20:50:00",9082,
"2026-06-09 21:00:00",8959,
"2026-06-09 21:10:00",8804,
"2026-06-09 21:20:00",8625,
"2026-06-09 21:30:00",8446,
"2026-06-09 21:40:00",8400,
"2026-06-09 21:50:00",8399,
"2026-06-09 22:00:00",8334,
"2026-06-09 22:10:00",7673,
"2026-06-09 22:20:00",7798,
"2026-06-09 22:30:00",7862,
"2026-06-09 22:40:00",7912,
"2026-06-09 22:50:00",7934,
"2026-06-09 23:00:00",7981,
"2026-06-09 23:10:00",8001,
"2026-06-09 23:20:00",8104,
"2026-06-09 23:30:00",8223,
"2026-06-09 23:40:00",8348,
"2026-06-09 23:50:00",8494,
"2026-06-10 00:00:00",8600,20415
"2026-06-10 00:10:00",8778,
"2026-06-10 00:20:00",9019,
"2026-06-10 00:30:00",9322,
"2026-06-10 00:40:00",9626,
"2026-06-10 00:50:00",9920,
"2026-06-10 01:00:00",10230,
"2026-06-10 01:10:00",10482,
"2026-06-10 01:20:00",10775,
"2026-06-10 01:30:00",11057,
"2026-06-10 01:40:00",11373,
"2026-06-10 01:50:00",11683,
"2026-06-10 02:00:00",12068,
"2026-06-10 02:10:00",12646,
"2026-06-10 02:20:00",13176,
"2026-06-10 02:30:00",13682,
"2026-06-10 02:40:00",14221,
"2026-06-10 02:50:00",14691,
"2026-06-10 03:00:00",14872,
"2026-06-10 03:10:00",15170,
"2026-06-10 03:20:00",15402,
"2026-06-10 03:30:00",15503,
"2026-06-10 03:40:00",15738,
"2026-06-10 03:50:00",15856,
"2026-06-10 04:00:00",16202,
"2026-06-10 04:10:00",16899,
"2026-06-10 04:20:00",17732,
"2026-06-10 04:30:00",18664,
"2026-06-10 04:40:00",19383,
"2026-06-10 04:50:00",19828,
"2026-06-10 05:00:00",20121,
"2026-06-10 05:10:00",20110,
"2026-06-10 05:20:00",20119,
"2026-06-10 05:30:00",20056,
"2026-06-10 05:40:00",19900,
"2026-06-10 05:50:00",19654,
"2026-06-10 06:00:00",19434,
"2026-06-10 06:10:00",19208,
"2026-06-10 06:20:00",19172,
"2026-06-10 06:30:00",19203,
"2026-06-10 06:40:00",19423,
"2026-06-10 06:50:00",19521,
"2026-06-10 07:00:00",19711,
"2026-06-10 07:10:00",19856,
"2026-06-10 07:20:00",20015,
"2026-06-10 07:30:00",20293,
"2026-06-10 07:40:00",20525,
"2026-06-10 07:50:00",21013,
"2026-06-10 08:00:00",21545,
"2026-06-10 08:10:00",22006,
"2026-06-10 08:20:00",22444,
"2026-06-10 08:30:00",22893,
"2026-06-10 08:40:00",23428,
"2026-06-10 08:50:00",23789,
"2026-06-10 09:00:00",24029,
"2026-06-10 09:10:00",24148,
"2026-06-10 09:20:00",24204,
"2026-06-10 09:30:00",24277,
"2026-06-10 09:40:00",24247,
"2026-06-10 09:50:00",24380,
"2026-06-10 10:00:00",24455,
"2026-06-10 10:10:00",24365,
"2026-06-10 10:20:00",24434,
"2026-06-10 10:30:00",24652,
"2026-06-10 10:40:00",24981,
"2026-06-10 10:50:00",25298,
"2026-06-10 11:00:00",25671,
"2026-06-10 11:10:00",26244,
"2026-06-10 11:20:00",26969,
"2026-06-10 11:30:00",27854,
"2026-06-10 11:40:00",28733,
"2026-06-10 11:50:00",29783,
"2026-06-10 12:00:00",30946,
"2026-06-10 12:10:00",32325,
"2026-06-10 12:20:00",33733,
"2026-06-10 12:30:00",35114,
"2026-06-10 12:40:00",36504,
"2026-06-10 12:50:00",37932,
"2026-06-10 13:00:00",39212,
"2026-06-10 13:10:00",40503,
"2026-06-10 13:20:00",41775,
"2026-06-10 13:30:00",42931,
"2026-06-10 13:40:00",43980,
"2026-06-10 13:50:00",44839,
"2026-06-10 14:00:00",45331,
"2026-06-10 14:10:00",45591,
"2026-06-10 14:20:00",45537,
"2026-06-10 14:30:00",45544,
"2026-06-10 14:40:00",45072,
"2026-06-10 14:50:00",44485,
"2026-06-10 15:00:00",43213,
"2026-06-10 15:10:00",40926,
"2026-06-10 15:20:00",39124,
"2026-06-10 15:30:00",37261,
"2026-06-10 15:40:00",35050,
"2026-06-10 15:50:00",33045,
"2026-06-10 16:00:00",31078,
"2026-06-10 16:10:00",28641,
"2026-06-10 16:20:00",26592,
"2026-06-10 16:30:00",24883,
"2026-06-10 16:40:00",23261,
"2026-06-10 16:50:00",21838,
"2026-06-10 17:00:00",20668,
"2026-06-10 17:10:00",19383,
"2026-06-10 17:20:00",18469,
"2026-06-10 17:30:00",17674,
"2026-06-10 17:40:00",16809,
"2026-06-10 17:50:00",16050,
"2026-06-10 18:00:00",15276,
"2026-06-10 18:10:00",14561,
"2026-06-10 18:20:00",13982,
"2026-06-10 18:30:00",13527,
"2026-06-10 18:40:00",13042,
"2026-06-10 18:50:00",12614,
"2026-06-10 19:00:00",12211,
"2026-06-10 19:10:00",11866,
"2026-06-10 19:20:00",11641,
"2026-06-10 19:30:00",11389,
"2026-06-10 19:40:00",11169,
"2026-06-10 19:50:00",10830,
"2026-06-10 20:00:00",10573,
"2026-06-10 20:10:00",10252,
"2026-06-10 20:20:00",10073,
"2026-06-10 20:30:00",9917,
"2026-06-10 20:40:00",9710,
"2026-06-10 20:50:00",9474,
"2026-06-10 21:00:00",9294,
"2026-06-10 21:10:00",9146,
"2026-06-10 21:20:00",8996,
"2026-06-10 21:30:00",8876,
"2026-06-10 21:40:00",8745,
"2026-06-10 21:50:00",8609,
"2026-06-10 22:00:00",8485,
"2026-06-10 22:10:00",8372,
"2026-06-10 22:20:00",8369,
"2026-06-10 22:30:00",8366,
"2026-06-10 22:40:00",8352,
"2026-06-10 22:50:00",8294,
"2026-06-10 23:00:00",8284,
"2026-06-10 23:10:00",8303,
"2026-06-10 23:20:00",8347,
"2026-06-10 23:30:00",8399,
"2026-06-10 23:40:00",8588,
"2026-06-10 23:50:00",8712,
"2026-06-11 00:00:00",8829,20466
"2026-06-11 00:10:00",9030,
"2026-06-11 00:20:00",9338,
"2026-06-11 00:30:00",9557,
"2026-06-11 00:40:00",9869,
"2026-06-11 00:50:00",10007,
"2026-06-11 01:00:00",10389,
"2026-06-11 01:10:00",10726,
"2026-06-11 01:20:00",11056,
"2026-06-11 01:30:00",11292,
"2026-06-11 01:40:00",11697,
"2026-06-11 01:50:00",12212,
"2026-06-11 02:00:00",12717,
"2026-06-11 02:10:00",13283,
"2026-06-11 02:20:00",13816,
"2026-06-11 02:30:00",14335,
"2026-06-11 02:40:00",14847,
"2026-06-11 02:50:00",15227,
"2026-06-11 03:00:00",15350,
"2026-06-11 03:10:00",15495,
"2026-06-11 03:20:00",15663,
"2026-06-11 03:30:00",15755,
"2026-06-11 03:40:00",15975,
"2026-06-11 03:50:00",16233,
"2026-06-11 04:00:00",16598,
"2026-06-11 04:10:00",17324,
"2026-06-11 04:20:00",18226,
"2026-06-11 04:30:00",19086,
"2026-06-11 04:40:00",19798,
"2026-06-11 04:50:00",20304,
"2026-06-11 05:00:00",20494,
"2026-06-11 05:10:00",20546,
"2026-06-11 05:20:00",20461,
"2026-06-11 05:30:00",20241,
"2026-06-11 05:40:00",19960,
"2026-06-11 05:50:00",19601,
"2026-06-11 06:00:00",19331,
"2026-06-11 06:10:00",19173,
"2026-06-11 06:20:00",19109,
"2026-06-11 06:30:00",19143,
"2026-06-11 06:40:00",19322,
"2026-06-11 06:50:00",19559,
"2026-06-11 07:00:00",19710,
"2026-06-11 07:10:00",19824,
"2026-06-11 07:20:00",20043,
"2026-06-11 07:30:00",20334,
"2026-06-11 07:40:00",20586,
"2026-06-11 07:50:00",21076,
"2026-06-11 08:00:00",21575,
"2026-06-11 08:10:00",22066,
"2026-06-11 08:20:00",22531,
"2026-06-11 08:30:00",23060,
"2026-06-11 08:40:00",23544,
"2026-06-11 08:50:00",23976,
"2026-06-11 09:00:00",24079,
"2026-06-11 09:10:00",24230,
"2026-06-11 09:20:00",24394,
"2026-06-11 09:30:00",24340,
"2026-06-11 09:40:00",24328,
"2026-06-11 09:50:00",24420,
"2026-06-11 10:00:00",24422,
"2026-06-11 10:10:00",24541,
"2026-06-11 10:20:00",24714,
"2026-06-11 10:30:00",25026,
"2026-06-11 10:40:00",25399,
"2026-06-11 10:50:00",25671,
"2026-06-11 11:00:00",26124,
"2026-06-11 11:10:00",26826,
"2026-06-11 11:20:00",27405,
"2026-06-11 11:30:00",28210,
"2026-06-11 11:40:00",29155,
"2026-06-11 11:50:00",30290,
"2026-06-11 12:00:00",31411,
"2026-06-11 12:10:00",32545,
"2026-06-11 12:20:00",33850,
"2026-06-11 12:30:00",35213,
"2026-06-11 12:40:00",36652,
"2026-06-11 12:50:00",38023,
"2026-06-11 13:00:00",39462,
"2026-06-11 13:10:00",40896,
"2026-06-11 13:20:00",42036,
"2026-06-11 13:30:00",43190,
"2026-06-11 13:40:00",44313,
"2026-06-11 13:50:00",44933,
"2026-06-11 14:00:00",45199,
"2026-06-11 14:10:00",45341,
"2026-06-11 14:20:00",45328,
"2026-06-11 14:30:00",45150,
"2026-06-11 14:40:00",44393,
"2026-06-11 14:50:00",43538,
"2026-06-11 15:00:00",42075,
"2026-06-11 15:10:00",39889,
"2026-06-11 15:20:00",38272,
"2026-06-11 15:30:00",36305,
"2026-06-11 15:40:00",34274,
"2026-06-11 15:50:00",32550,
"2026-06-11 16:00:00",30505,
"2026-06-11 16:10:00",28312,
"2026-06-11 16:20:00",26505,
"2026-06-11 16:30:00",24817,
"2026-06-11 16:40:00",23352,
"2026-06-11 16:50:00",21974,
"2026-06-11 17:00:00",20613,
"2026-06-11 17:10:00",18620,
"2026-06-11 17:20:00",18195,
"2026-06-11 17:30:00",17408,
"2026-06-11 17:40:00",16577,
"2026-06-11 17:50:00",15891,
"2026-06-11 18:00:00",15139,
"2026-06-11 18:10:00",14381,
"2026-06-11 18:20:00",13849,
"2026-06-11 18:30:00",13330,
"2026-06-11 18:40:00",12930,
"2026-06-11 18:50:00",12540,
"2026-06-11 19:00:00",12194,
"2026-06-11 19:10:00",11831,
"2026-06-11 19:20:00",11561,
"2026-06-11 19:30:00",11295,
"2026-06-11 19:40:00",11047,
"2026-06-11 19:50:00",10886,
"2026-06-11 20:00:00",10636,
"2026-06-11 20:10:00",10375,
"2026-06-11 20:20:00",10243,
"2026-06-11 20:30:00",10087,
"2026-06-11 20:40:00",9860,
"2026-06-11 20:50:00",9723,
"2026-06-11 21:00:00",9505,
"2026-06-11 21:10:00",9310,
"2026-06-11 21:20:00",9173,
"2026-06-11 21:30:00",9009,
"2026-06-11 21:40:00",8882,
"2026-06-11 21:50:00",8816,
"2026-06-11 22:00:00",8750,
"2026-06-11 22:10:00",8740,
"2026-06-11 22:20:00",8666,
"2026-06-11 22:30:00",8624,
"2026-06-11 22:40:00",8609,
"2026-06-11 22:50:00",8582,
"2026-06-11 23:00:00",8617,
"2026-06-11 23:10:00",8637,
"2026-06-11 23:20:00",8626,
"2026-06-11 23:30:00",8699,
"2026-06-11 23:40:00",8790,
"2026-06-11 23:50:00",8964,
"2026-06-12 00:00:00",9080,22676
"2026-06-12 00:10:00",9297,
"2026-06-12 00:20:00",9551,
"2026-06-12 00:30:00",9879,
"2026-06-12 00:40:00",10204,
"2026-06-12 00:50:00",10599,
"2026-06-12 01:00:00",10884,
"2026-06-12 01:10:00",11197,
"2026-06-12 01:20:00",11511,
"2026-06-12 01:30:00",11888,
"2026-06-12 01:40:00",12130,
"2026-06-12 01:50:00",12611,
"2026-06-12 02:00:00",13083,
"2026-06-12 02:10:00",13622,
"2026-06-12 02:20:00",14228,
"2026-06-12 02:30:00",14767,
"2026-06-12 02:40:00",15307,
"2026-06-12 02:50:00",15749,
"2026-06-12 03:00:00",16080,
"2026-06-12 03:10:00",16256,
"2026-06-12 03:20:00",16465,
"2026-06-12 03:30:00",16569,
"2026-06-12 03:40:00",16748,
"2026-06-12 03:50:00",16995,
"2026-06-12 04:00:00",17427,
"2026-06-12 04:10:00",18143,
"2026-06-12 04:20:00",19003,
"2026-06-12 04:30:00",19829,
"2026-06-12 04:40:00",20546,
"2026-06-12 04:50:00",21107,
"2026-06-12 05:00:00",21328,
"2026-06-12 05:10:00",21437,
"2026-06-12 05:20:00",21522,
"2026-06-12 05:30:00",21446,
"2026-06-12 05:40:00",21193,
"2026-06-12 05:50:00",21125,
"2026-06-12 06:00:00",21046,
"2026-06-12 06:10:00",21061,
"2026-06-12 06:20:00",21138,
"2026-06-12 06:30:00",21249,
"2026-06-12 06:40:00",21390,
"2026-06-12 06:50:00",21546,
"2026-06-12 07:00:00",21660,
"2026-06-12 07:10:00",21971,
"2026-06-12 07:20:00",22245,
"2026-06-12 07:30:00",22487,
"2026-06-12 07:40:00",22841,
"2026-06-12 07:50:00",23423,
"2026-06-12 08:00:00",23848,
"2026-06-12 08:10:00",24215,
"2026-06-12 08:20:00",24890,
"2026-06-12 08:30:00",25497,
"2026-06-12 08:40:00",26015,
"2026-06-12 08:50:00",26406,
"2026-06-12 09:00:00",26453,
"2026-06-12 09:10:00",26577,
"2026-06-12 09:20:00",26683,
"2026-06-12 09:30:00",26638,
"2026-06-12 09:40:00",26700,
"2026-06-12 09:50:00",26790,
"2026-06-12 10:00:00",26759,
"2026-06-12 10:10:00",26896,
"2026-06-12 10:20:00",27145,
"2026-06-12 10:30:00",27457,
"2026-06-12 10:40:00",27967,
"2026-06-12 10:50:00",28482,
"2026-06-12 11:00:00",29224,
"2026-06-12 11:10:00",30129,
"2026-06-12 11:20:00",31160,
"2026-06-12 11:30:00",32158,
"2026-06-12 11:40:00",33116,
"2026-06-12 11:50:00",34076,
"2026-06-12 12:00:00",35155,
"2026-06-12 12:10:00",36313,
"2026-06-12 12:20:00",37534,
"2026-06-12 12:30:00",38869,
"2026-06-12 12:40:00",40049,
"2026-06-12 12:50:00",41167,
"2026-06-12 13:00:00",42190,
"2026-06-12 13:10:00",43235,
"2026-06-12 13:20:00",44181,
"2026-06-12 13:30:00",45048,
"2026-06-12 13:40:00",45962,
"2026-06-12 13:50:00",46689,
"2026-06-12 14:00:00",47099,
"2026-06-12 14:10:00",47351,
"2026-06-12 14:20:00",47637,
"2026-06-12 14:30:00",47548,
"2026-06-12 14:40:00",47449,
"2026-06-12 14:50:00",46862,
"2026-06-12 15:00:00",45739,
"2026-06-12 15:10:00",44142,
"2026-06-12 15:20:00",42740,
"2026-06-12 15:30:00",41210,
"2026-06-12 15:40:00",39684,
"2026-06-12 15:50:00",37912,
"2026-06-12 16:00:00",36087,
"2026-06-12 16:10:00",34073,
"2026-06-12 16:20:00",32173,
"2026-06-12 16:30:00",30522,
"2026-06-12 16:40:00",28960,
"2026-06-12 16:50:00",27460,
"2026-06-12 17:00:00",26183,
"2026-06-12 17:10:00",24909,
"2026-06-12 17:20:00",23706,
"2026-06-12 17:30:00",22478,
"2026-06-12 17:40:00",21324,
"2026-06-12 17:50:00",20282,
"2026-06-12 18:00:00",19270,
"2026-06-12 18:10:00",18282,
"2026-06-12 18:20:00",17553,
"2026-06-12 18:30:00",16851,
"2026-06-12 18:40:00",16264,
"2026-06-12 18:50:00",15709,
"2026-06-12 19:00:00",15125,
"2026-06-12 19:10:00",14587,
"2026-06-12 19:20:00",14110,
"2026-06-12 19:30:00",13670,
"2026-06-12 19:40:00",13297,
"2026-06-12 19:50:00",12880,
"2026-06-12 20:00:00",12582,
"2026-06-12 20:10:00",12209,
"2026-06-12 20:20:00",12002,
"2026-06-12 20:30:00",11777,
"2026-06-12 20:40:00",11575,
"2026-06-12 20:50:00",11346,
"2026-06-12 21:00:00",11045,
"2026-06-12 21:10:00",10793,
"2026-06-12 21:20:00",10607,
"2026-06-12 21:30:00",10456,
"2026-06-12 21:40:00",10284,
"2026-06-12 21:50:00",10138,
"2026-06-12 22:00:00",10058,
"2026-06-12 22:10:00",10006,
"2026-06-12 22:20:00",9930,
"2026-06-12 22:30:00",9735,
"2026-06-12 22:40:00",9645,
"2026-06-12 22:50:00",9624,
"2026-06-12 23:00:00",9526,
"2026-06-12 23:10:00",9493,
"2026-06-12 23:20:00",9631,
"2026-06-12 23:30:00",9662,
"2026-06-12 23:40:00",9895,
"2026-06-12 23:50:00",10088,
"2026-06-13 00:00:00",10258,27805
"2026-06-13 00:10:00",10522,
"2026-06-13 00:20:00",10850,
"2026-06-13 00:30:00",11308,
"2026-06-13 00:40:00",11707,
"2026-06-13 00:50:00",12217,
"2026-06-13 01:00:00",12675,
"2026-06-13 01:10:00",13231,
"2026-06-13 01:20:00",13856,
"2026-06-13 01:30:00",14526,
"2026-06-13 01:40:00",15265,
"2026-06-13 01:50:00",15946,
"2026-06-13 02:00:00",16620,
"2026-06-13 02:10:00",17383,
"2026-06-13 02:20:00",18183,
"2026-06-13 02:30:00",18860,
"2026-06-13 02:40:00",19619,
"2026-06-13 02:50:00",20263,
"2026-06-13 03:00:00",20562,
"2026-06-13 03:10:00",21010,
"2026-06-13 03:20:00",21489,
"2026-06-13 03:30:00",21828,
"2026-06-13 03:40:00",22559,
"2026-06-13 03:50:00",23339,
"2026-06-13 04:00:00",23988,
"2026-06-13 04:10:00",24723,
"2026-06-13 04:20:00",25658,
"2026-06-13 04:30:00",26428,
"2026-06-13 04:40:00",27314,
"2026-06-13 04:50:00",28057,
"2026-06-13 05:00:00",28865,
"2026-06-13 05:10:00",29542,
"2026-06-13 05:20:00",30283,
"2026-06-13 05:30:00",30915,
"2026-06-13 05:40:00",31535,
"2026-06-13 05:50:00",31960,
"2026-06-13 06:00:00",32278,
"2026-06-13 06:10:00",32660,
"2026-06-13 06:20:00",33033,
"2026-06-13 06:30:00",33425,
"2026-06-13 06:40:00",33735,
"2026-06-13 06:50:00",34067,
"2026-06-13 07:00:00",34177,
"2026-06-13 07:10:00",34470,
"2026-06-13 07:20:00",34824,
"2026-06-13 07:30:00",35049,
"2026-06-13 07:40:00",35368,
"2026-06-13 07:50:00",35649,
"2026-06-13 08:00:00",35680,
"2026-06-13 08:10:00",35888,
"2026-06-13 08:20:00",35948,
"2026-06-13 08:30:00",36056,
"2026-06-13 08:40:00",35986,
"2026-06-13 08:50:00",36011,
"2026-06-13 09:00:00",35863,
"2026-06-13 09:10:00",35524,
"2026-06-13 09:20:00",35298,
"2026-06-13 09:30:00",34842,
"2026-06-13 09:40:00",34369,
"2026-06-13 09:50:00",34213,
"2026-06-13 10:00:00",34161,
"2026-06-13 10:10:00",33957,
"2026-06-13 10:20:00",33983,
"2026-06-13 10:30:00",34012,
"2026-06-13 10:40:00",34125,
"2026-06-13 10:50:00",34393,
"2026-06-13 11:00:00",34886,
"2026-06-13 11:10:00",35524,
"2026-06-13 11:20:00",36114,
"2026-06-13 11:30:00",36858,
"2026-06-13 11:40:00",37741,
"2026-06-13 11:50:00",38591,
"2026-06-13 12:00:00",39654,
"2026-06-13 12:10:00",40776,
"2026-06-13 12:20:00",41785,
"2026-06-13 12:30:00",42852,
"2026-06-13 12:40:00",43943,
"2026-06-13 12:50:00",45080,
"2026-06-13 13:00:00",45944,
"2026-06-13 13:10:00",47236,
"2026-06-13 13:20:00",48303,
"2026-06-13 13:30:00",49094,
"2026-06-13 13:40:00",49852,
"2026-06-13 13:50:00",50292,
"2026-06-13 14:00:00",50535,
"2026-06-13 14:10:00",50576,
"2026-06-13 14:20:00",50719,
"2026-06-13 14:30:00",50740,
"2026-06-13 14:40:00",50590,
"2026-06-13 14:50:00",50157,
"2026-06-13 15:00:00",49391,
"2026-06-13 15:10:00",48206,
"2026-06-13 15:20:00",47179,
"2026-06-13 15:30:00",45948,
"2026-06-13 15:40:00",44614,
"2026-06-13 15:50:00",43077,
"2026-06-13 16:00:00",41377,
"2026-06-13 16:10:00",39381,
"2026-06-13 16:20:00",37577,
"2026-06-13 16:30:00",35979,
"2026-06-13 16:40:00",34397,
"2026-06-13 16:50:00",33126,
"2026-06-13 17:00:00",31734,
"2026-06-13 17:10:00",30217,
"2026-06-13 17:20:00",28877,
"2026-06-13 17:30:00",27516,
"2026-06-13 17:40:00",26274,
"2026-06-13 17:50:00",25033,
"2026-06-13 18:00:00",23947,
"2026-06-13 18:10:00",22836,
"2026-06-13 18:20:00",21906,
"2026-06-13 18:30:00",20862,
"2026-06-13 18:40:00",19990,
"2026-06-13 18:50:00",19156,
"2026-06-13 19:00:00",18338,
"2026-06-13 19:10:00",17617,
"2026-06-13 19:20:00",17003,
"2026-06-13 19:30:00",16255,
"2026-06-13 19:40:00",15698,
"2026-06-13 19:50:00",15206,
"2026-06-13 20:00:00",14783,
"2026-06-13 20:10:00",14322,
"2026-06-13 20:20:00",14001,
"2026-06-13 20:30:00",13635,
"2026-06-13 20:40:00",13396,
"2026-06-13 20:50:00",13029,
"2026-06-13 21:00:00",12747,
"2026-06-13 21:10:00",12466,
"2026-06-13 21:20:00",12218,
"2026-06-13 21:30:00",12061,
"2026-06-13 21:40:00",11875,
"2026-06-13 21:50:00",11628,
"2026-06-13 22:00:00",11387,
"2026-06-13 22:10:00",11087,
"2026-06-13 22:20:00",10929,
"2026-06-13 22:30:00",10831,
"2026-06-13 22:40:00",10780,
"2026-06-13 22:50:00",10736,
"2026-06-13 23:00:00",10745,
"2026-06-13 23:10:00",10783,
"2026-06-13 23:20:00",10767,
"2026-06-13 23:30:00",10780,
"2026-06-13 23:40:00",10903,
"2026-06-13 23:50:00",11025,
"2026-06-14 00:00:00",11171,28156
"2026-06-14 00:10:00",11648,
"2026-06-14 00:20:00",12016,
"2026-06-14 00:30:00",12445,
"2026-06-14 00:40:00",12912,
"2026-06-14 00:50:00",13401,
"2026-06-14 01:00:00",13939,
"2026-06-14 01:10:00",14734,
"2026-06-14 01:20:00",15517,
"2026-06-14 01:30:00",16241,
"2026-06-14 01:40:00",16986,
"2026-06-14 01:50:00",17793,
"2026-06-14 02:00:00",18503,
"2026-06-14 02:10:00",19440,
"2026-06-14 02:20:00",20447,
"2026-06-14 02:30:00",21348,
"2026-06-14 02:40:00",22256,
"2026-06-14 02:50:00",22993,
"2026-06-14 03:00:00",23523,
"2026-06-14 03:10:00",24232,
"2026-06-14 03:20:00",24847,
"2026-06-14 03:30:00",25384,
"2026-06-14 03:40:00",25862,
"2026-06-14 03:50:00",26413,
"2026-06-14 04:00:00",26778,
"2026-06-14 04:10:00",27402,
"2026-06-14 04:20:00",28081,
"2026-06-14 04:30:00",28893,
"2026-06-14 04:40:00",29803,
"2026-06-14 04:50:00",30603,
"2026-06-14 05:00:00",31469,
"2026-06-14 05:10:00",32467,
"2026-06-14 05:20:00",33334,
"2026-06-14 05:30:00",34131,
"2026-06-14 05:40:00",34964,
"2026-06-14 05:50:00",35689,
"2026-06-14 06:00:00",36181,
"2026-06-14 06:10:00",36723,
"2026-06-14 06:20:00",37249,
"2026-06-14 06:30:00",37743,
"2026-06-14 06:40:00",38205,
"2026-06-14 06:50:00",38594,
"2026-06-14 07:00:00",38950,
"2026-06-14 07:10:00",39236,
"2026-06-14 07:20:00",39522,
"2026-06-14 07:30:00",39717,
"2026-06-14 07:40:00",40171,
"2026-06-14 07:50:00",40372,
"2026-06-14 08:00:00",40435,
"2026-06-14 08:10:00",40584,
"2026-06-14 08:20:00",40637,
"2026-06-14 08:30:00",40639,
"2026-06-14 08:40:00",40606,
"2026-06-14 08:50:00",40512,
"2026-06-14 09:00:00",40204,
"2026-06-14 09:10:00",39771,
"2026-06-14 09:20:00",39348,
"2026-06-14 09:30:00",38690,
"2026-06-14 09:40:00",37887,
"2026-06-14 09:50:00",37354,
"2026-06-14 10:00:00",36594,
"2026-06-14 10:10:00",35811,
"2026-06-14 10:20:00",35416,
"2026-06-14 10:30:00",34972,
"2026-06-14 10:40:00",34731,
"2026-06-14 10:50:00",34469,
"2026-06-14 11:00:00",34654,
"2026-06-14 11:10:00",35172,
"2026-06-14 11:20:00",35651,
"2026-06-14 11:30:00",36452,
"2026-06-14 11:40:00",37420,
"2026-06-14 11:50:00",37897,
"2026-06-14 12:00:00",39484,
"2026-06-14 12:10:00",40745,
"2026-06-14 12:20:00",42011,
"2026-06-14 12:30:00",43280,
"2026-06-14 12:40:00",44443,
"2026-06-14 12:50:00",45666,
"2026-06-14 13:00:00",46769,
"2026-06-14 13:10:00",47965,
"2026-06-14 13:20:00",48965,
"2026-06-14 13:30:00",49875,
"2026-06-14 13:40:00",50687,
"2026-06-14 13:50:00",51064,
"2026-06-14 14:00:00",51292,
"2026-06-14 14:10:00",51420,
"2026-06-14 14:20:00",51351,
"2026-06-14 14:30:00",50818,
"2026-06-14 14:40:00",50026,
"2026-06-14 14:50:00",49109,
"2026-06-14 15:00:00",47338,
"2026-06-14 15:10:00",44962,
"2026-06-14 15:20:00",43256,
"2026-06-14 15:30:00",41172,
"2026-06-14 15:40:00",39058,
"2026-06-14 15:50:00",37190,
"2026-06-14 16:00:00",35175,
"2026-06-14 16:10:00",32660,
"2026-06-14 16:20:00",30634,
"2026-06-14 16:30:00",28942,
"2026-06-14 16:40:00",27440,
"2026-06-14 16:50:00",25914,
"2026-06-14 17:00:00",24692,
"2026-06-14 17:10:00",23343,
"2026-06-14 17:20:00",22194,
"2026-06-14 17:30:00",21082,
"2026-06-14 17:40:00",20246,
"2026-06-14 17:50:00",19421,
"2026-06-14 18:00:00",18629,
"2026-06-14 18:10:00",17935,
"2026-06-14 18:20:00",17427,
"2026-06-14 18:30:00",16978,
"2026-06-14 18:40:00",16538,
"2026-06-14 18:50:00",16135,
"2026-06-14 19:00:00",15733,
"2026-06-14 19:10:00",15381,
"2026-06-14 19:20:00",15034,
"2026-06-14 19:30:00",14731,
"2026-06-14 19:40:00",14327,
"2026-06-14 19:50:00",14068,
"2026-06-14 20:00:00",13690,
"2026-06-14 20:10:00",13443,
"2026-06-14 20:20:00",13132,
"2026-06-14 20:30:00",12956,
"2026-06-14 20:40:00",12780,
"2026-06-14 20:50:00",12462,
"2026-06-14 21:00:00",12343,
"2026-06-14 21:10:00",12163,
"2026-06-14 21:20:00",11995,
"2026-06-14 21:30:00",11864,
"2026-06-14 21:40:00",11636,
"2026-06-14 21:50:00",11338,
"2026-06-14 22:00:00",11187,
"2026-06-14 22:10:00",11013,
"2026-06-14 22:20:00",10932,
"2026-06-14 22:30:00",10886,
"2026-06-14 22:40:00",10824,
"2026-06-14 22:50:00",10693,
"2026-06-14 23:00:00",10622,
"2026-06-14 23:10:00",10619,
"2026-06-14 23:20:00",10564,
"2026-06-14 23:30:00",10528,
"2026-06-14 23:40:00",10561,
"2026-06-14 23:50:00",10658,
"2026-06-15 00:00:00",10731,29707
"2026-06-15 00:10:00",10894,
"2026-06-15 00:20:00",11135,
"2026-06-15 00:30:00",11357,
"2026-06-15 00:40:00",11577,
"2026-06-15 00:50:00",11832,
"2026-06-15 01:00:00",12059,29566
"2026-06-15 01:10:00",12386,
"2026-06-15 01:20:00",12702,
"2026-06-15 01:30:00",12999,
"2026-06-15 01:40:00",13314,
"2026-06-15 01:50:00",13696,
"2026-06-15 02:00:00",14201,29343
"2026-06-15 02:10:00",14715,
"2026-06-15 02:20:00",15355,
"2026-06-15 02:30:00",15941,
"2026-06-15 02:40:00",16454,
"2026-06-15 02:50:00",16949,
"2026-06-15 03:00:00",17198,29030
"2026-06-15 03:10:00",17353,
"2026-06-15 03:20:00",17617,
"2026-06-15 03:30:00",17803,
"2026-06-15 03:40:00",17996,
"2026-06-15 03:50:00",18271,
"2026-06-15 04:00:00",18697,28713
"2026-06-15 04:10:00",19328,
"2026-06-15 04:20:00",20262,
"2026-06-15 04:30:00",21073,
"2026-06-15 04:40:00",21849,
"2026-06-15 04:50:00",22424,
"2026-06-15 05:00:00",22654,28192
"2026-06-15 05:10:00",22576,
"2026-06-15 05:20:00",22499,
"2026-06-15 05:30:00",22311,
"2026-06-15 05:40:00",22059,
"2026-06-15 05:50:00",21656,
"2026-06-15 06:00:00",21484,27510
"2026-06-15 06:10:00",21379,
"2026-06-15 06:20:00",21229,
"2026-06-15 06:30:00",21229,
"2026-06-15 06:40:00",21448,
"2026-06-15 06:50:00",21637,
"2026-06-15 07:00:00",21881,26830
"2026-06-15 07:10:00",22090,
"2026-06-15 07:20:00",22446,
"2026-06-15 07:30:00",22802,
"2026-06-15 07:40:00",23094,
"2026-06-15 07:50:00",23466,
"2026-06-15 08:00:00",23898,26231
"2026-06-15 08:10:00",24157,
"2026-06-15 08:20:00",24561,
"2026-06-15 08:30:00",24910,
"2026-06-15 08:40:00",25434,
"2026-06-15 08:50:00",25840,
"2026-06-15 09:00:00",26154,25691
"2026-06-15 09:10:00",26345,
"2026-06-15 09:20:00",26591,
"2026-06-15 09:30:00",26804,
"2026-06-15 09:40:00",26890,
"2026-06-15 09:50:00",26958,
"2026-06-15 10:00:00",27000,25360
"2026-06-15 10:10:00",27237,
"2026-06-15 10:20:00",27548,
"2026-06-15 10:30:00",27790,
"2026-06-15 10:40:00",28200,
"2026-06-15 10:50:00",28548,
"2026-06-15 11:00:00",29041,25202
"2026-06-15 11:10:00",29856,
"2026-06-15 11:20:00",30761,
"2026-06-15 11:30:00",31656,
"2026-06-15 11:40:00",32943,
"2026-06-15 11:50:00",34150,
"2026-06-15 12:00:00",35317,25073
"2026-06-15 12:10:00",36631,
"2026-06-15 12:20:00",38088,
"2026-06-15 12:30:00",39684,
"2026-06-15 12:40:00",41372,
"2026-06-15 12:50:00",42793,
"2026-06-15 13:00:00",44250,25018
"2026-06-15 13:10:00",45751,
"2026-06-15 13:20:00",47040,
"2026-06-15 13:30:00",48444,
"2026-06-15 13:40:00",49560,
"2026-06-15 13:50:00",50323,
"2026-06-15 14:00:00",50584,24950
"2026-06-15 14:10:00",50553,
"2026-06-15 14:20:00",50349,
"2026-06-15 14:30:00",50034,
"2026-06-15 14:40:00",49378,
"2026-06-15 14:50:00",48413,
"2026-06-15 15:00:00",46726,24890
"2026-06-15 15:10:00",44394,
"2026-06-15 15:20:00",42450,
"2026-06-15 15:30:00",40615,
"2026-06-15 15:40:00",38270,
"2026-06-15 15:50:00",36151,
"2026-06-15 16:00:00",34058,24815
"2026-06-15 16:10:00",31421,
"2026-06-15 16:20:00",29423,
"2026-06-15 16:30:00",27633,
"2026-06-15 16:40:00",25889,
"2026-06-15 16:50:00",24286,
"2026-06-15 17:00:00",23017,24734
"2026-06-15 17:10:00",21565,
"2026-06-15 17:20:00",20427,
"2026-06-15 17:30:00",19401,
"2026-06-15 17:40:00",18408,
"2026-06-15 17:50:00",17587,
"2026-06-15 18:00:00",16711,24657
"2026-06-15 18:10:00",16050,
"2026-06-15 18:20:00",15386,
"2026-06-15 18:30:00",14921,
"2026-06-15 18:40:00",14422,
"2026-06-15 18:50:00",13976,
"2026-06-15 19:00:00",13686,24583
"2026-06-15 19:10:00",13282,
"2026-06-15 19:20:00",12950,
"2026-06-15 19:30:00",12603,
"2026-06-15 19:40:00",12316,
"2026-06-15 19:50:00",12098,
"2026-06-15 20:00:00",11831,24521
"2026-06-15 20:10:00",11516,
"2026-06-15 20:20:00",11257,
"2026-06-15 20:30:00",11046,
"2026-06-15 20:40:00",10763,
"2026-06-15 20:50:00",10653,
"2026-06-15 21:00:00",10444,24459
"2026-06-15 21:10:00",10288,
"2026-06-15 21:20:00",10136,
"2026-06-15 21:30:00",10019,
"2026-06-15 21:40:00",9835,
"2026-06-15 21:50:00",9677,
"2026-06-15 22:00:00",9592,24412
"2026-06-15 22:10:00",9450,
"2026-06-15 22:20:00",9392,
"2026-06-15 22:30:00",9322,
"2026-06-15 22:40:00",9268,
"2026-06-15 22:50:00",9194,
"2026-06-15 23:00:00",9207,24371